0,Open,High,Low,Close,Adj Close,Volume
2012-10-18,9.657639999999999,9.82203,9.54257,9.71518,9.599361,47907295
2012-10-19,9.77271,9.77271,9.43572,9.51792,9.404452000000001,62820525
2012-10-22,9.52614,9.61655,9.43572,9.59189,9.477541,33953201
2012-10-23,9.51792,9.69052,9.43572,9.6412,9.526263,48881512
2012-10-24,9.657639999999999,9.85491,9.57545,9.83025,9.713058,75140094
2012-10-25,9.879560000000001,9.9782,9.61655,9.83847,9.721182,60412335
2012-10-26,9.74806,9.83847,9.60833,9.69052,9.574995,42923076
2012-10-29,9.70696,9.77271,9.63299,9.7234,9.607483,9538048
2012-10-30,9.7234,9.764489999999999,9.66586,9.69052,9.574995,8836745
2012-10-31,9.69052,9.82203,9.6823,9.756269999999999,9.639961,30310810
2012-11-05,9.95354,9.95354,9.67408,9.73984,9.623727,63293744
2012-11-06,9.78093,9.78093,9.6823,9.698739999999999,9.583117,51388319
2012-11-07,9.69052,9.73984,9.50148,9.63299,9.51815,46051042
2012-11-08,9.55901,9.73162,9.43572,9.55901,9.445052,36641595
2012-11-09,9.53435,9.60833,9.37819,9.41107,9.298876,35616463
2012-11-12,9.345310000000001,9.452160000000001,9.31243,9.394630000000001,9.282633,20123993
2012-11-13,9.36997,9.58367,9.32887,9.50148,9.388208,45385095
2012-11-14,9.48504,9.59189,9.24668,9.271339999999999,9.160812,39713444
2012-11-15,9.115169999999999,9.4275,9.05764,9.31243,9.201412,49367580
2012-11-16,9.31243,9.41928,9.20558,9.28778,9.177056,37878303
2012-11-20,9.51792,9.77271,9.51792,9.69052,9.574995,51476151
2012-11-21,9.69052,9.74806,9.64942,9.71518,9.599361,51918005
2012-11-22,9.73162,9.78915,9.7234,9.756269999999999,9.639961,8011293
2012-11-23,9.71518,9.73984,9.66586,9.70696,9.591239,18974326
2012-11-26,9.6823,9.73984,9.58367,9.698739999999999,9.583117,23423566
2012-11-27,9.71518,9.73984,9.57545,9.62477,9.510029,44967759
2012-11-28,9.62477,9.73984,9.56723,9.698739999999999,9.583117,54810179
2012-11-29,9.73984,9.73984,9.61655,9.6412,9.526263,56306526
2012-11-30,9.63299,9.698739999999999,9.4275,9.4686,9.355721,120927609
2012-12-03,9.57545,9.73984,9.55079,9.59189,9.477541,32284503
2012-12-04,9.58367,9.60833,9.51792,9.54257,9.428809,29413579
2012-12-05,9.54257,9.60011,9.48504,9.52614,9.412575,29012385
2012-12-06,9.52614,9.62477,9.4686,9.58367,9.469419,32343394
2012-12-07,9.6412,9.6412,9.5097,9.57545,9.461296,29073817
2012-12-10,9.54257,9.56723,9.47682,9.51792,9.404452000000001,30821665
2012-12-11,9.55901,9.62477,9.48504,9.51792,9.404452000000001,47389925
2012-12-13,9.48504,9.59189,9.48504,9.55901,9.445052,36024669
2012-12-14,9.59189,9.67408,9.50148,9.6412,9.526263,22212534
2012-12-17,9.657639999999999,10.1261,9.657639999999999,10.0933,9.972973,97801383
2012-12-18,10.1508,10.3152,10.085,10.2083,10.086602000000001,49849749
2012-12-19,10.2412,10.5207,10.1837,10.5042,10.378975,55054687
2012-12-20,10.5125,10.6275,10.4385,10.4713,10.346467,52415904
2012-12-21,10.2905,10.4467,10.2248,10.4303,10.305955,57235241
2012-12-24,10.4631,10.4631,10.3645,10.4138,10.289653,5812835
2012-12-26,10.3563,10.4713,10.3563,10.3892,10.265346000000001,15356044
2012-12-27,10.4303,10.4549,10.2741,10.3974,10.273448,26256934
2012-12-28,10.4385,10.4549,10.2659,10.4056,10.281549,21424506
2012-12-31,10.4056,10.4631,10.2659,10.4385,10.314058000000001,19932957
2013-01-02,10.644,11.0056,10.644,10.907,10.776972,41589498
2013-01-03,10.907,11.0549,10.7673,10.8166,10.68765,81681813
2013-01-04,10.8248,10.9727,10.7673,10.8659,10.736362,35220744
2013-01-07,10.7919,10.981,10.7755,10.9481,10.817583,23930030
2013-01-08,10.8905,11.0138,10.8248,10.9398,10.809381,48514146
2013-01-09,10.9645,11.0631,10.8905,11.0467,10.915007000000001,46833720
2013-01-10,11.0796,11.1782,10.9398,10.981,10.85009,60834295
2013-01-11,10.9727,11.0056,10.8988,10.9398,10.809381,34256130
2013-01-14,10.8248,10.981,10.759,10.7837,10.655142999999999,41755990
2013-01-15,10.759,10.8166,10.644,10.6768,10.549517,35731188
2013-01-16,10.6851,10.8248,10.6768,10.7919,10.663244,42886406
2013-01-17,10.6768,10.9152,10.6275,10.6851,10.557717,60419694
2013-01-18,10.6851,10.8659,10.6604,10.8083,10.679449,37846300
2013-01-21,10.8823,10.9316,10.8001,10.907,10.776972,11391099
2013-01-22,10.907,10.9234,10.8001,10.8166,10.68765,54508659
2013-01-23,10.8083,11.0549,10.7837,11.0385,10.906905,37782956
2013-01-24,10.9727,11.3015,10.9727,11.2275,11.093652,53132697
2013-01-25,11.1864,11.3097,11.1453,11.1946,11.061144,29092775
2013-01-28,11.2193,11.3015,11.1289,11.2768,11.142365,39958487
2013-01-29,11.2604,11.7207,11.1946,11.6714,11.53226,81891505
2013-01-30,11.6631,11.7618,11.3919,11.4166,11.280498,45534189
2013-01-31,11.3426,11.4412,11.2851,11.4001,11.264194,36572611
2013-02-01,11.433,11.5399,11.3508,11.3919,11.256092,47011439
2013-02-05,11.3837,11.3837,11.1124,11.2111,11.077447,48905067
2013-02-06,11.2193,11.3919,11.2193,11.3508,11.215482000000002,46809903
2013-02-07,10.9892,11.244,10.8166,10.8823,10.752566999999999,105443277
2013-02-08,10.907,10.981,10.8083,10.9152,10.785075,41447534
2013-02-11,10.9152,10.9974,10.7755,10.7837,10.655142999999999,32283291
2013-02-12,10.9234,11.0549,10.8001,10.9892,10.858191999999999,29332859
2013-02-13,10.9563,11.244,10.9563,11.1946,11.061144,38552460
2013-02-14,11.1782,11.5399,11.1782,11.4823,11.345414,57500262
2013-02-15,11.507,11.5481,11.3426,11.4248,11.2886,36627869
2013-02-18,11.3837,11.4166,11.3097,11.3426,11.207379,4581208
2013-02-19,11.3837,11.4412,11.3262,11.3919,11.256092,34333030
2013-02-20,11.3837,11.5316,10.9727,11.022,10.890602000000001,61835036
2013-02-21,10.9974,11.022,10.3481,10.8001,10.671348,142041151
2013-02-22,10.8823,11.0385,10.7508,10.8494,10.720058,48058456
2013-02-25,10.8494,11.0056,10.6357,10.6933,10.565821000000001,44632542
2013-02-26,10.759,10.8248,10.6029,10.8001,10.671348,60149076
2013-02-27,10.8412,11.2193,10.8001,11.1946,11.061144,50093503
2013-02-28,11.1946,11.3837,11.1207,11.2768,11.142365,58231466
2013-03-01,11.2604,11.5645,11.1618,11.5234,11.386024,56589466
2013-03-04,11.507,11.6138,11.433,11.5809,11.442839,50643484
2013-03-05,11.6138,12.0659,11.6138,11.8111,11.670295,91897833
2013-03-06,11.8851,12.0412,11.8193,12.0001,11.857041,44761750
2013-03-07,12.0001,12.2303,11.9344,12.1727,12.027583,41279758
2013-03-08,12.2138,12.4604,12.0659,12.4193,12.271244,59896285
2013-03-11,12.4111,12.4111,12.2385,12.2796,12.133208999999999,32000088
2013-03-12,12.1974,12.4275,12.181,12.3618,12.21443,37952475
2013-03-13,12.4275,12.4275,12.1234,12.2467,12.100700999999999,37957317
2013-03-14,12.2714,12.4933,12.181,12.3371,12.190023,39301169
2013-03-15,12.37,12.781,12.3536,12.6988,12.547412,115948248
2013-03-19,12.6659,12.6741,12.2138,12.3042,12.157516000000001,45350435
2013-03-20,12.3289,12.559,12.3289,12.518,12.368767,41029784
2013-03-21,12.5015,12.5262,12.4029,12.444,12.29565,19041414
2013-03-22,12.4933,12.5015,12.3289,12.4193,12.271244,36499315
2013-03-25,12.4275,12.5508,12.3042,12.3454,12.198225,28479508
2013-03-26,12.3782,12.4522,12.3042,12.4358,12.287547,34046236
2013-03-27,12.3782,12.4275,12.2138,12.3536,12.206325999999999,35743316
2013-04-01,12.3536,12.4933,12.3536,12.4604,12.311853,15659159
2013-04-02,12.4604,12.5673,12.3536,12.3864,12.238736,35548048
2013-04-03,12.37,12.3864,11.8604,11.9426,11.800227,61989687
2013-04-04,12.0988,12.1234,11.7947,11.8275,11.6865,43355154
2013-04-05,11.8193,12.4933,11.5234,12.444,12.29565,83055531
2013-04-08,12.4111,12.6495,12.37,12.6412,12.490499,56962278
2013-04-09,12.5755,12.6659,12.444,12.5344,12.384972,55598273
2013-04-10,12.5673,12.5673,12.3289,12.3864,12.238736,60272479
2013-04-11,12.3782,12.4522,12.2796,12.3536,12.206325999999999,47405231
2013-04-12,12.3289,12.4111,12.0988,12.181,12.035785,40313526
2013-04-15,11.7207,12.1892,11.5892,11.6303,11.49165,81273280
2013-04-16,11.7536,11.9015,11.696,11.7782,11.637787,57962498
2013-04-17,11.7453,11.77,11.507,11.5809,11.442839,64622597
2013-04-18,11.5234,11.6631,11.1864,11.2357,11.101753,69130344
2013-04-19,11.4001,11.507,11.2357,11.4741,11.337311999999999,47921043
2013-04-22,11.4823,11.6385,11.2768,11.4166,11.280498,48354380
2013-04-23,11.5655,11.7621,11.5484,11.7194,11.579688,39720596
2013-04-24,11.7194,11.8305,11.6253,11.7279,11.588086,32053956
2013-04-25,11.6681,11.9502,11.651,11.7878,11.647272000000001,45411644
2013-04-26,11.5313,12.3092,11.48,12.0185,11.875222,75108256
2013-04-29,11.9587,12.0271,11.6339,11.7023,11.562792,27268409
2013-04-30,11.8219,11.8219,11.6339,11.7023,11.562792,50664815
2013-05-02,11.6595,11.8818,11.6339,11.839,11.697861999999999,23714339
2013-05-03,11.9074,12.6169,11.9074,12.3092,12.162457,82892078
2013-05-06,12.3519,12.4203,12.2579,12.3861,12.238439999999999,22107503
2013-05-07,12.3947,12.5656,12.3092,12.369,12.221544,28007163
2013-05-08,12.4118,12.4118,12.0955,12.1382,11.993495,31378213
2013-05-09,12.2237,12.2493,11.8818,11.9331,11.79084,30957232
2013-05-10,11.9929,12.4289,11.9929,12.4032,12.255336,39343906
2013-05-13,12.4374,12.4374,12.2493,12.3348,12.187750999999999,19288464
2013-05-14,12.3263,12.5827,12.2579,12.5656,12.4158,31213960
2013-05-15,12.5913,13.1383,12.4801,12.9417,12.787416,76683620
2013-05-16,12.8734,13.1127,12.7708,12.9417,12.787416,28113236
2013-05-17,13.1212,13.1725,12.9246,13.0101,12.855,40006851
2013-05-20,13.0785,13.0785,12.6255,12.7195,12.567864,37182174
2013-05-21,12.7537,12.7964,12.2493,12.4716,12.32292,39181399
2013-05-22,12.3605,12.7195,12.1553,12.1981,12.052681,54990128
2013-05-23,12.1382,12.2835,11.8647,12.1639,12.018888,48953050
2013-05-24,12.104,12.3776,11.9245,12.2664,12.120167,37669469
2013-05-27,12.2835,12.3434,12.0784,12.1382,11.993495,10258343
2013-05-28,12.3092,12.4203,12.1468,12.2237,12.077975,42551574
2013-05-29,12.2237,12.4118,12.1895,12.2835,12.137062,43776538
2013-05-30,12.3434,12.7366,12.3348,12.6426,12.491881,39063940
2013-05-31,12.6255,12.8221,12.4887,12.7622,12.610056,87702509
2013-06-03,12.6255,12.7024,12.0955,12.2237,12.077975,53349182
2013-06-04,12.2835,12.4289,11.8732,11.916,11.773944,61490429
2013-06-05,12.0185,12.0185,11.6253,11.7108,11.57119,58440153
2013-06-06,11.7792,11.8989,11.6253,11.8732,11.731653999999999,31438529
2013-06-07,11.9245,12.1468,11.8818,11.9502,11.807736,37029336
2013-06-10,12.0014,12.1468,11.8305,12.0869,11.942806,29703497
2013-06-11,11.9673,12.0527,11.4886,11.5313,11.393829,68869573
2013-06-12,11.7023,11.7023,11.2407,11.3176,11.182678,46148730
2013-06-13,11.3433,11.5399,11.2407,11.4886,11.351639,36210627
2013-06-14,11.4886,11.5484,11.3347,11.386,11.250262,19321279
2013-06-17,11.4544,11.5655,11.2663,11.3005,11.165780999999999,23141566
2013-06-18,11.2834,11.6852,11.2834,11.5997,11.461414,32821524
2013-06-19,11.6253,11.9416,11.6253,11.8219,11.680966,59377987
2013-06-20,11.7108,11.9416,11.3262,11.386,11.250262,56910390
2013-06-21,11.4715,11.4971,10.7705,11.2321,11.098196000000002,148765990
2013-06-24,11.1124,11.1381,10.7534,10.9415,10.811061,54398086
2013-06-25,11.0783,11.3945,11.0697,11.3176,11.182678,56773451
2013-06-26,11.4373,11.7706,11.3433,11.7108,11.57119,41219278
2013-06-27,11.7706,11.8989,11.6168,11.7963,11.655671,72399374
2013-06-28,11.8561,11.8561,11.651,11.7621,11.621879,55780747
2013-07-01,11.7621,11.9673,11.7621,11.8903,11.74855,27997509
2013-07-02,11.7963,11.8989,11.3945,11.5484,11.410727,65022746
2013-07-03,11.4629,11.6681,11.3945,11.5569,11.419125,35282455
2013-07-04,11.6595,11.7706,11.6424,11.7023,11.562792,8238760
2013-07-05,11.745,11.745,11.3945,11.6339,11.495207,36243161
2013-07-08,11.7706,11.8048,11.4544,11.4886,11.351639,32860255
2013-07-09,11.4715,11.6424,11.4202,11.5997,11.461414,24577795
2013-07-10,11.5399,11.6937,11.5057,11.6253,11.48671,25808039
2013-07-11,11.7023,12.181,11.7023,12.1553,12.010391,74271101
2013-07-12,12.104,12.4374,11.9929,12.3947,12.246936999999999,40959210
2013-07-15,12.3177,12.4203,12.181,12.2151,12.069478,37840877
2013-07-16,12.2151,12.2237,11.8134,11.9416,11.799238,37019996
2013-07-17,12.0014,12.0698,11.8048,12.0527,11.909013999999999,43506680
2013-07-18,12.0527,12.3092,12.0442,12.1553,12.010391,38800107
2013-07-19,12.0955,12.2151,12.0356,12.1895,12.044183,12047860
2013-07-22,12.1639,12.369,12.0613,12.3092,12.162457,24711156
2013-07-23,12.3263,12.4459,12.2066,12.2579,12.111768,40639660
2013-07-24,12.2664,12.4374,12.2237,12.2835,12.137062,23082241
2013-07-25,12.3519,12.7195,12.3519,12.463,12.314423,56192378
2013-07-26,12.5143,12.899,12.4972,12.634,12.483384,56420996
2013-07-29,12.6938,12.7195,12.3947,12.4289,12.280729,21225111
2013-07-30,12.4032,12.5058,12.1639,12.3947,12.246936999999999,35861144
2013-07-31,12.4118,12.7024,12.4118,12.5827,12.432694999999999,38809000
2013-08-01,12.6511,13.0871,12.6511,13.0272,12.871897,42231361
2013-08-02,12.993,13.1041,12.8221,12.9332,12.779017,27869884
2013-08-05,12.9503,13.0785,12.8734,13.0529,12.89729,20140154
2013-08-06,13.0443,13.1298,12.9417,13.0614,12.905689,29721918
2013-08-07,12.9588,12.993,12.8221,12.9161,12.76212,36854218
2013-08-08,12.9246,13.3093,12.9246,13.2238,13.066153,50174293
2013-08-09,13.2067,13.335,13.0016,13.1383,12.981672,22491764
2013-08-12,13.1554,13.3862,13.1212,13.164,13.007066,23416670
2013-08-13,13.2067,13.5316,13.2067,13.4974,13.336492000000002,23415112
2013-08-14,13.523,13.6512,13.4803,13.5657,13.403976,25756650
2013-08-15,13.5059,13.5059,13.2067,13.2751,13.116841,34211133
2013-08-16,13.335,13.4546,13.2666,13.3179,13.159131,20918606
2013-08-19,13.335,13.6085,13.3179,13.5145,13.353387,33127685
2013-08-20,13.5059,13.6769,13.3435,13.5828,13.420873,30716843
2013-08-21,13.5145,13.6598,13.3606,13.5401,13.378682000000001,34325648
2013-08-22,13.617,13.6769,13.5145,13.5999,13.43777,32012223
2013-08-23,13.352,13.6598,13.3093,13.4888,13.327993,40382802
2013-08-26,13.4204,13.4888,13.1298,13.164,13.007066,46268739
2013-08-27,13.164,13.164,12.728,12.7708,12.618553,52285640
2013-08-28,12.8221,12.9503,12.7024,12.728,12.576263,40465234
2013-08-29,12.7964,13.0272,12.7024,12.7622,12.610056,43488046
2013-08-30,12.7451,13.8136,12.6682,12.9674,12.812809,44806879
2013-09-02,12.8221,13.2495,12.8221,13.2153,13.057754,22132306
2013-09-03,13.3435,13.3435,12.8734,12.8819,12.728328999999999,55459003
2013-09-04,12.9075,12.9332,12.6768,12.7195,12.567864,38078339
2013-09-05,12.7024,12.8734,12.6938,12.7195,12.567864,13102458
2013-09-06,12.728,12.8819,12.5571,12.8477,12.694537,39985157
2013-09-09,12.8135,13.0272,12.7793,12.8819,12.728328999999999,37262807
2013-09-10,12.9588,13.164,12.9075,13.1298,12.973272999999999,48353127
2013-09-11,13.0956,13.2067,13.0871,13.1469,12.990169999999999,29376562
2013-09-12,13.1469,13.1982,12.8734,12.899,12.745225,21440826
2013-09-13,12.9075,13.0187,12.8221,12.9759,12.821208,21256382
2013-09-17,12.7195,12.7964,12.5998,12.7537,12.601658,43251824
2013-09-18,12.7964,12.993,12.5998,12.9588,12.804313,45492692
2013-09-19,13.0529,13.3606,12.993,13.1383,12.981672,53985561
2013-09-20,13.1811,13.1811,12.9075,13.0101,12.855,56863834
2013-09-23,13.0101,13.0101,12.7708,12.8734,12.71993,55276458
2013-09-24,12.8734,12.9075,12.4801,12.6169,12.466489,88610618
2013-09-25,12.5656,12.7879,12.3947,12.728,12.576263,74908823
2013-09-26,12.7366,12.7366,12.5913,12.6426,12.491881,43180008
2013-09-27,12.6426,12.8392,12.5656,12.7195,12.567864,33126768
2013-09-30,12.6938,12.7024,12.5143,12.5314,12.382007000000002,41771222
2013-10-01,12.5827,12.9075,12.5571,12.8904,12.736728,28085262
2013-10-02,12.8306,12.8904,12.7451,12.8306,12.67764,19283123
2013-10-03,12.8221,12.9674,12.6682,12.7195,12.567864,25768393
2013-10-04,12.7366,12.805,12.6511,12.7537,12.601658,28493545
2013-10-07,12.7537,12.7537,12.4716,12.4887,12.339816,24202425
2013-10-08,12.634,12.634,12.1382,12.1724,12.027287,40526577
2013-10-09,12.2237,12.2323,11.8989,12.104,11.959702,54577542
2013-10-10,12.3092,12.3861,12.1895,12.2323,12.086473,39704887
2013-10-11,12.275,12.3348,12.01,12.0271,11.883718,37153253
2013-10-14,12.0442,12.0442,11.8476,12.01,11.866823,33091129
2013-10-15,12.01,12.1126,11.7792,11.8048,11.664069,36464208
2013-10-16,11.8989,11.9331,11.6595,11.7194,11.579688,44166433
2013-10-17,11.7621,11.7621,11.5142,11.6168,11.478311,37701547
2013-10-18,11.6595,11.9245,11.6424,11.8561,11.714758,37298668
2013-10-21,11.9245,11.9502,11.6852,11.745,11.604982000000001,47164935
2013-10-22,11.7792,11.9331,11.6937,11.8903,11.74855,39237545
2013-10-23,11.8903,11.8903,11.6766,11.7194,11.579688,42689515
2013-10-24,11.7536,12.3177,11.7536,12.181,12.035785,86360288
2013-10-25,12.0955,12.369,12.0613,12.3348,12.187750999999999,28466243
2013-10-28,12.3605,12.3605,12.1382,12.1981,12.052681,27563454
2013-10-29,12.1981,12.2237,12.0613,12.1297,11.985096,30667164
2013-10-30,12.1297,12.181,11.6766,11.7536,11.613480000000001,57625674
2013-10-31,11.7963,11.8989,11.651,11.8476,11.706358999999999,50128823
2013-11-01,11.8647,12.0014,11.5826,11.7536,11.613480000000001,41230093
2013-11-04,11.7963,11.916,11.7536,11.8903,11.74855,17433388
2013-11-05,11.8732,11.8903,11.4971,11.5399,11.402328,42001076
2013-11-06,11.5911,11.6253,11.4373,11.4971,11.360038000000001,31231531
2013-11-07,11.5228,11.6424,11.4116,11.4458,11.309349000000001,34408402
2013-11-08,11.4373,11.745,11.1552,11.6937,11.554294,71783785
2013-11-11,11.651,11.7878,11.6082,11.7536,11.613480000000001,28221818
2013-11-12,11.6681,11.745,11.5655,11.6168,11.478311,29062878
2013-11-13,11.6168,11.7792,11.4886,11.7792,11.638774,35629666
2013-11-14,11.7878,12.01,11.7108,11.9844,11.841528,39354238
2013-11-15,12.01,12.181,11.9331,12.0698,11.925911,40791658
2013-11-19,12.0185,12.0185,11.8219,11.8903,11.74855,23132100
2013-11-20,11.9074,12.0014,11.8219,11.9074,11.765447,37345465
2013-11-21,11.8647,12.1297,11.8647,12.0869,11.942806,43495018
2013-11-22,11.9587,12.1553,11.7792,11.839,11.697861999999999,58513522
2013-11-25,11.9673,11.9929,11.839,11.9416,11.799238,30358024
2013-11-26,11.9673,12.2151,11.9416,12.1724,12.027287,65796959
2013-11-27,12.1382,12.275,12.0442,12.2323,12.086473,46003537
2013-11-28,12.2237,12.3519,12.1724,12.2835,12.137062,7445522
2013-11-29,12.2579,12.4203,12.2493,12.3519,12.204647,38154911
2013-12-02,12.3519,12.463,12.2579,12.3605,12.213144999999999,24133878
2013-12-03,12.3177,12.3348,12.1126,12.1895,12.044183,29569644
2013-12-04,12.1895,12.4887,12.104,12.4459,12.297526,45889237
2013-12-05,12.4374,12.54,12.3006,12.3263,12.179352,30104511
2013-12-06,12.4374,12.8392,12.3605,12.728,12.576263,61918246
2013-12-09,12.728,12.9503,12.634,12.7451,12.593160000000001,37788116
2013-12-10,12.7366,12.9075,12.6938,12.8135,12.660745,36527280
2013-12-11,12.8904,12.9075,12.634,12.7451,12.593160000000001,87933542
2013-12-13,12.7793,12.9075,12.5827,12.6426,12.491881,59192780
2013-12-16,12.634,12.7964,12.5485,12.5827,12.432694999999999,51625741
2013-12-17,12.6426,12.6426,12.4887,12.5998,12.449591999999999,45711156
2013-12-18,12.6169,12.993,12.4972,12.9503,12.795914,113742568
2013-12-19,12.9503,12.9503,12.6084,12.7879,12.635449000000001,64605612
2013-12-20,12.7964,13.0358,12.7879,12.9674,12.812809,101925658
2013-12-23,12.9759,13.0187,12.8563,12.9588,12.804313,20403344
2013-12-26,12.993,13.1896,12.9845,13.0358,12.880394,21292076
2013-12-27,13.0272,13.164,12.899,13.1212,12.964775999999999,31160105
2013-12-30,13.0529,13.1554,13.0187,13.1041,12.94788,20013316
2014-01-02,13.0871,13.1127,12.8306,12.9161,12.76212,27569936
2014-01-03,12.9075,13.0101,12.7879,12.9075,12.753624,21109930
2014-01-06,12.9332,13.0614,12.8734,12.9674,12.812809,35579078
2014-01-07,12.9075,13.2153,12.9075,12.9674,12.812809,42302973
2014-01-08,12.9588,13.2751,12.9246,13.1469,12.990169999999999,50169993
2014-01-09,13.0785,13.617,13.0785,13.5828,13.420873,70939221
2014-01-10,13.5828,14.0017,13.5316,13.9248,13.758795999999998,64433846
2014-01-13,13.9248,13.959,13.4632,13.523,13.361785999999999,29201595
2014-01-14,13.5316,13.9846,13.5316,13.959,13.792588,43590354
2014-01-15,13.8991,14.3265,13.8991,14.2923,14.121915,51100165
2014-01-16,14.3436,14.677,14.0017,14.0701,13.902364000000002,56279394
2014-01-17,14.0957,14.1641,13.8564,14.0872,13.919260000000001,38886573
2014-01-20,14.1812,14.2667,14.1043,14.1812,14.012139000000001,9636292
2014-01-21,14.3009,14.5573,14.2838,14.5317,14.358460999999998,58342675
2014-01-22,14.5744,14.942,14.5231,14.6855,14.510426999999998,80867238
2014-01-23,14.7112,14.865,14.4206,14.4718,14.299273999999999,36142382
2014-01-24,14.5317,14.5317,14.0359,14.241,14.071226000000001,77253441
2014-01-27,14.2239,14.4376,13.9077,14.1897,14.020538,61819457
2014-01-28,14.2325,14.5659,14.2239,14.3009,14.130413,60754431
2014-01-29,14.2239,14.4376,14.1128,14.2581,14.088122,67708825
2014-01-30,14.3607,14.5146,14.1556,14.2325,14.062828,25404515
2014-01-31,14.2069,14.2069,14.0188,14.1299,13.961451,37086610
2014-02-04,13.9846,14.0872,13.788,14.0701,13.902364000000002,41442700
2014-02-05,14.0957,14.4889,13.9504,14.3265,14.155707000000001,55249815
2014-02-06,14.318,14.7283,14.147,14.6172,14.442942000000002,62380594
2014-02-07,14.6599,14.9334,14.3265,14.6086,14.434443,41941194
2014-02-10,14.4547,14.5402,14.3265,14.3863,14.214794,19515982
2014-02-11,14.4804,14.6513,14.3607,14.583,14.409149,27185045
2014-02-12,14.6172,14.7368,14.5231,14.6855,14.510426999999998,27013888
2014-02-13,14.6086,14.8308,14.506,14.6257,14.451341000000001,23962597
2014-02-14,14.583,14.8479,14.583,14.7796,14.603406,30329796
2014-02-17,14.771,14.8308,14.7197,14.7796,14.603406,2450358
2014-02-18,14.7881,15.1215,14.7112,15.0104,14.831454,42796400
2014-02-19,14.8736,15.3608,14.8565,15.1728,14.991918,42613081
2014-02-20,15.1557,15.2839,14.9676,15.2326,15.051004999999998,33378135
2014-02-21,15.3181,15.3352,15.0018,15.0275,14.848351000000001,16170873
2014-02-24,15.0958,15.1129,14.942,15.0445,14.865148000000001,24176990
2014-02-25,15.0445,15.0787,14.6086,14.6513,14.476636,29180373
2014-02-26,14.8736,15.1471,14.7796,14.9163,14.738476,38873355
2014-02-27,15.0104,15.1984,14.8821,14.9591,14.780766,30869122
2014-02-28,15.1728,15.1728,14.7283,14.8223,14.645597,31521563
2014-03-03,14.7368,14.7881,14.3436,14.4291,14.257083999999999,22488186
2014-03-04,14.6513,14.7796,14.5488,14.7454,14.569613,31264259
2014-03-05,14.8138,14.8138,14.4547,14.6599,14.485132,37209341
2014-03-06,14.6941,14.8052,14.6172,14.6513,14.476636,24611592
2014-03-07,14.6513,14.7796,14.4547,14.6086,14.434443,21754506
2014-03-10,14.5231,14.6513,14.2838,14.4206,14.248685,26711391
2014-03-11,14.4206,14.4206,14.1897,14.318,14.147307999999999,28446336
2014-03-12,14.3863,14.3949,14.1043,14.2154,14.045932,27534461
2014-03-13,14.2239,14.2667,13.9675,14.0444,13.876970000000002,34141578
2014-03-14,13.9419,14.0444,13.5486,13.6341,13.471561,80742006
2014-03-18,13.6683,14.1043,13.6683,14.0615,13.893866000000001,28220082
2014-03-19,14.318,14.3436,13.9419,14.0017,13.834779999999999,47420460
2014-03-20,14.1385,14.4035,13.9675,14.2496,14.079723999999999,30378317
2014-03-21,14.1897,14.7112,14.1897,14.6428,14.468237,103420116
2014-03-24,14.6428,14.7112,14.4376,14.4718,14.299273999999999,23719754
2014-03-25,14.5317,14.7368,14.5317,14.6086,14.434443,39263903
2014-03-26,14.6172,14.8565,14.3522,14.3863,14.214794,39994096
2014-03-27,14.318,14.5915,14.1641,14.3265,14.155707000000001,46470223
2014-03-28,14.3351,14.4804,14.0615,14.0957,13.927659,47746976
2014-03-31,14.1641,14.2581,14.0188,14.1043,13.936155,65987821
2014-04-01,14.1214,14.2154,14.0273,14.1556,13.986844,53944027
2014-04-02,14.2069,14.6342,14.1812,14.6086,14.434443,60720982
2014-04-03,14.6172,14.9591,14.506,14.5744,14.400652,55509153
2014-04-04,14.5744,15.8139,14.5146,15.0702,14.890541,96012818
2014-04-07,14.8736,15.0958,14.5573,14.7197,14.544219,52841055
2014-04-08,14.7197,14.8223,14.4889,14.7796,14.603406,48576734
2014-04-09,14.8138,14.9078,14.6257,14.7454,14.569613,27769950
2014-04-10,14.7454,14.9163,14.4035,14.5231,14.349963,36294525
2014-04-11,14.506,14.5317,14.2752,14.3522,14.1811,47929352
2014-04-14,14.412,14.583,14.2239,14.3009,14.130413,33490331
2014-04-15,14.3009,14.5146,14.1556,14.241,14.071226000000001,31044202
2014-04-16,14.3436,14.6001,14.1556,14.5659,14.392253,32141235
2014-04-21,14.5744,14.6001,14.3607,14.5317,14.358460999999998,48974697
2014-04-22,14.5795,14.8729,14.4106,14.4373,14.265185999999998,33473589
2014-04-23,14.464,14.6151,14.3128,14.5795,14.405691000000001,28704975
2014-04-24,14.5084,14.624,14.3928,14.4551,14.282774,35375498
2014-04-25,14.4906,14.5529,14.2951,14.4995,14.326645000000001,28402870
2014-04-28,14.5084,14.5618,14.1617,14.2417,14.071918,27549665
2014-04-29,14.2684,14.6773,14.2684,14.5707,14.396996,32838494
2014-04-30,14.5707,15.0063,14.5707,14.8729,14.695592999999999,57755135
2014-05-02,15.0063,15.1129,14.8818,15.0063,14.827403,36042644
2014-05-05,15.0063,15.024,14.7573,14.9974,14.818609,38945842
2014-05-06,14.9885,14.9974,14.8018,14.8907,14.713181,32667402
2014-05-07,14.944,14.9707,14.8196,14.9263,14.748357,33218846
2014-05-08,14.9707,15.0774,14.8373,14.9263,14.748357,28241174
2014-05-09,14.9085,14.9263,14.4373,14.464,14.291568,82951769
2014-05-12,14.5262,14.7218,14.5262,14.6684,14.493530999999999,34230327
2014-05-13,14.2239,14.7929,14.2239,14.7485,14.572676000000001,97538700
2014-05-14,14.7396,14.7396,14.4017,14.4551,14.282774,58682035
2014-05-15,14.4551,14.5173,14.2417,14.3128,14.142171,49315608
2014-05-16,14.3662,14.6684,14.3306,14.4551,14.282774,43004844
2014-05-19,14.4817,14.4817,14.2239,14.384,14.212522,50731822
2014-05-20,14.4551,14.4551,14.2684,14.3128,14.142171,26058228
2014-05-21,14.3928,14.5173,14.3484,14.4373,14.265185999999998,23314425
2014-05-22,14.4373,14.6062,14.3751,14.5351,14.361820000000002,34222367
2014-05-23,14.5173,14.7129,14.4906,14.6595,14.484736999999999,38476164
2014-05-26,14.7218,14.8018,14.7129,14.7573,14.581370999999999,8490497
2014-05-27,14.8196,14.9263,14.7929,14.8196,14.642929,29964609
2014-05-28,14.864,14.9796,14.8107,14.944,14.765846,34704396
2014-05-29,14.8462,15.024,14.8196,14.9085,14.730768,25984960
2014-05-30,14.9085,14.9529,14.6773,14.7218,14.546294,81229022
2014-06-02,14.8018,14.9174,14.6151,14.8551,14.678004999999999,28585133
2014-06-03,14.784,14.8996,14.7485,14.8818,14.704386999999999,29252159
2014-06-04,14.8373,14.8818,14.7573,14.784,14.607754000000002,10132736
2014-06-05,14.8018,14.9796,14.7662,14.784,14.607754000000002,39549184
2014-06-06,14.784,15.1129,14.784,15.0063,14.827403,38706968
2014-06-09,15.0596,15.3352,14.9618,15.1663,14.985496,34254876
2014-06-10,15.1663,15.7086,15.1129,15.6641,15.477360999999998,78656241
2014-06-11,15.6463,15.6463,15.3619,15.4774,15.292887,32418606
2014-06-12,15.4685,15.5485,15.2107,15.2374,15.055748000000001,22312514
2014-06-13,15.273,15.4241,15.1663,15.193,15.011876999999998,28869453
2014-06-16,15.193,15.2907,15.1129,15.2463,15.064542000000001,30913644
2014-06-17,15.2552,15.3085,15.1574,15.2374,15.055748000000001,17344852
2014-06-18,15.2641,15.4419,15.1752,15.3796,15.196252,38573022
2014-06-19,15.3796,15.5841,15.3352,15.5574,15.371932999999999,18018802
2014-06-20,15.5219,15.6463,15.3885,15.4152,15.231428,85695562
2014-06-23,15.3619,15.4685,15.353,15.3796,15.196252,22360754
2014-06-24,15.3796,15.4508,15.2107,15.2818,15.099619,34235496
2014-06-25,15.2907,15.3352,15.1663,15.2107,15.029366,30827515
2014-06-26,15.193,15.4508,15.1841,15.2907,15.108413,36309608
2014-06-27,15.2641,15.3263,15.1752,15.2107,15.029366,26825658
2014-06-30,15.2907,15.3885,15.1841,15.273,15.090923000000002,52090406
2014-07-01,15.3352,15.4863,15.3352,15.4508,15.266603,42664084
2014-07-02,15.4152,15.6463,15.4152,15.6197,15.433491,33336890
2014-07-03,15.6463,15.7619,15.513,15.7086,15.521331,50305191
2014-07-04,15.7086,15.7797,15.6197,15.7175,15.530123999999999,4700308
2014-07-07,15.753,15.753,15.5574,15.593,15.407109,44372784
2014-07-08,15.5574,15.6197,15.2641,15.4685,15.284092999999999,43168085
2014-07-09,15.4241,15.5308,15.3263,15.4508,15.266603,20438317
2014-07-10,15.3708,15.4508,15.2641,15.4152,15.231428,31045297
2014-07-11,15.353,15.4241,15.2018,15.2552,15.073336,31896914
2014-07-14,15.3441,15.4508,15.2285,15.4241,15.240222,28837973
2014-07-15,15.4419,15.4508,15.193,15.2463,15.064542000000001,60335628
2014-07-16,15.3263,15.3263,15.2018,15.2463,15.064542000000001,29031294
2014-07-17,15.2463,15.2463,14.8818,14.9618,14.783432999999999,50200555
2014-07-18,14.8462,15.3174,14.5795,15.2641,15.082129,50435406
2014-07-21,15.2641,15.2641,14.9707,15.0685,14.888860999999999,34314881
2014-07-22,15.1129,15.2018,14.9885,15.0685,14.888860999999999,44217727
2014-07-23,15.1396,15.1396,15.0152,15.0329,14.853685,43513851
2014-07-24,15.1485,15.1485,14.8996,14.9707,14.792228,31892561
2014-07-25,15.0685,15.0685,14.8907,14.9618,14.783432999999999,18602479
2014-07-28,15.024,15.024,14.7751,14.8018,14.62534,24576160
2014-07-29,14.8462,14.9707,14.7751,14.7929,14.616547,29847244
2014-07-30,14.8462,14.9707,14.7751,14.8551,14.678004999999999,21021366
2014-07-31,14.8373,14.8729,14.6773,14.7396,14.563882999999999,32274368
2014-08-01,14.8462,14.864,14.6062,14.6329,14.458454999999999,26518694
2014-08-04,14.6773,14.9263,14.6507,14.7307,14.555088,39705811
2014-08-05,14.7929,14.8462,14.6684,14.7573,14.581370999999999,29552427
2014-08-06,14.7485,14.8107,14.6418,14.7662,14.590164999999999,22704999
2014-08-07,14.7662,14.9618,14.6418,14.704,14.528707999999998,35005228
2014-08-08,14.7573,15.0329,14.6862,14.944,14.765846,28112183
2014-08-11,15.0418,15.0952,14.9351,14.944,14.765846,25491109
2014-08-12,14.9174,14.9974,14.8373,14.8818,14.704386999999999,24660481
2014-08-13,14.8818,15.0596,14.8729,14.9174,14.739563,25470068
2014-08-14,14.9618,15.0152,14.8729,14.9885,14.809814000000001,25670809
2014-08-15,15.024,15.024,14.7929,14.9085,14.730768,15377739
2014-08-18,14.9974,15.0063,14.8818,14.9707,14.792228,16602162
2014-08-19,15.024,15.0418,14.9085,14.9974,14.818609,35604840
2014-08-20,14.944,15.104,14.944,15.0863,14.906448999999999,22655437
2014-08-21,15.0596,15.1574,15.024,15.0507,14.871274,33126070
2014-08-22,15.0863,15.1129,14.9796,15.0774,14.897654999999999,17288630
2014-08-25,15.1129,15.3352,15.0863,15.3085,15.126,36125636
2014-08-26,15.3352,15.5041,15.273,15.3885,15.205047,38235546
2014-08-27,15.3796,15.4952,15.2996,15.3352,15.152382000000001,31966176
2014-08-28,15.3352,15.4241,15.2463,15.3619,15.178764000000001,22558995
2014-08-29,15.273,15.4774,15.273,15.4419,15.257810999999998,98977155
2014-09-01,15.4419,15.4419,15.2907,15.3708,15.187557,5729653
2014-09-02,15.3708,15.6286,15.3441,15.5219,15.336857,45250651
2014-09-03,15.5663,15.6019,15.4774,15.513,15.328062,23572960
2014-09-04,15.5574,15.6908,15.5041,15.6463,15.459773,42885876
2014-09-05,15.6019,15.6286,15.513,15.5308,15.34565,18890418
2014-09-08,15.5308,15.6375,15.4597,15.6375,15.451077,17936585
2014-09-09,15.6375,15.7263,15.5485,15.5752,15.389520999999998,37932902
2014-09-10,15.6819,15.6908,15.513,15.6463,15.459773,19889464
2014-09-11,15.5397,15.7263,15.5308,15.6641,15.477360999999998,13079462
2014-09-12,15.673,15.6819,15.5041,15.6197,15.433491,17843438
2014-09-15,15.6197,15.6197,15.4685,15.5041,15.319268,15651853
2014-09-17,15.5041,15.6463,15.4863,15.6286,15.442285,20550714
2014-09-18,15.6463,15.6908,15.5397,15.6286,15.442285,16610425
2014-09-19,15.6286,15.6819,15.4685,15.6019,15.415901999999999,43123767
2014-09-22,15.6463,15.6463,15.513,15.6108,15.424695999999999,22439239
2014-09-23,15.6197,15.6375,15.4419,15.6019,15.415901999999999,22537448
2014-09-24,15.6197,15.7263,15.5308,15.6641,15.477360999999998,28232737
2014-09-25,15.593,15.6997,15.5574,15.6108,15.424695999999999,40676251
2014-09-26,15.5308,15.6908,15.5308,15.6375,15.451077,21269783
2014-09-29,15.5574,15.673,15.4952,15.6286,15.442285,24302382
2014-09-30,15.6908,15.7352,15.4952,15.5574,15.371932999999999,27389028
2014-10-01,15.6019,15.6019,15.1841,15.2552,15.073336,31099776
2014-10-02,15.2552,15.2552,14.8551,15.0152,14.836197,50712429
2014-10-03,15.0418,15.2285,14.9796,15.1574,14.976702,44633673
2014-10-06,15.2641,15.3885,15.1129,15.1841,15.003082999999998,36760857
2014-10-07,15.1841,15.1841,14.9974,15.0418,14.862479,37941708
2014-10-08,14.9796,15.0418,14.6862,14.8996,14.721975,55948739
2014-10-09,14.9618,14.9618,14.4462,14.5262,14.353026000000002,53163255
2014-10-10,14.544,14.5618,13.9661,14.0195,13.852366,70318498
2014-10-13,14.0906,14.1884,13.4061,13.4594,13.298944,104209007
2014-10-14,13.5127,13.6817,13.2194,13.5839,13.421960999999998,92701877
2014-10-15,13.4594,13.5572,13.1038,13.5038,13.342815,66447018
2014-10-16,13.3083,13.7617,13.2549,13.6817,13.518594,50678393
2014-10-17,13.7705,14.1528,13.7705,14.0106,13.843573999999998,46800441
2014-10-20,13.895,14.1528,13.895,14.1084,13.940207000000001,38011540
2014-10-21,14.1528,14.3573,14.1439,14.2684,14.0983,42669078
2014-10-22,14.3128,14.4106,13.9395,13.975,13.808398,54178213
2014-10-23,14.0017,14.5351,13.9128,14.4195,14.247599,38346610
2014-10-24,14.4195,14.6684,14.2773,14.5618,14.388202,27538693
2014-10-27,14.4551,14.4995,14.2862,14.4106,14.238804,26835136
2014-10-28,14.4106,14.8196,14.4106,14.6507,14.476042000000001,50304097
2014-10-29,14.5973,14.7396,14.4017,14.5351,14.361820000000002,39087701
2014-10-30,14.5351,14.704,14.4017,14.544,14.370614000000002,33214844
2014-10-31,14.624,14.8907,14.624,14.7485,14.572676000000001,42826276
2014-11-03,14.6862,14.9263,14.6773,14.8729,14.695592999999999,21332378
2014-11-04,14.8018,14.8818,14.6773,14.784,14.607754000000002,21743204
2014-11-05,14.8107,14.9885,14.7129,14.7662,14.590164999999999,26826816
2014-11-06,14.7662,14.944,14.7662,14.8907,14.713181,26981004
2014-11-07,14.8462,14.9707,14.7218,14.7662,14.590164999999999,20262238
2014-11-10,14.8373,14.9796,14.7218,14.9529,14.774639,27944090
2014-11-11,14.9618,15.0507,14.9174,14.9974,14.818609,16404256
2014-11-12,14.9974,15.1129,14.8551,14.9796,14.801022,33730590
2014-11-13,14.9085,15.0685,14.6773,14.8018,14.62534,21320282
2014-11-14,14.7573,14.8907,14.5884,14.8729,14.695592999999999,25455301
2014-11-18,14.7573,14.9529,14.7573,14.9174,14.739563,21805647
2014-11-19,14.8907,15.0596,14.8285,15.0152,14.836197,23279961
2014-11-20,14.9351,15.2018,14.9351,15.1841,15.003082999999998,20852341
2014-11-21,15.3352,15.5485,15.2285,15.2818,15.099619,37112701
2014-11-24,15.3619,15.513,15.3352,15.4419,15.257810999999998,21902450
2014-11-25,15.4419,15.5485,15.2285,15.2907,15.108413,53254257
2014-11-26,15.2907,15.5041,15.2818,15.4508,15.266603,24690857
2014-11-27,15.4241,15.4685,15.3352,15.3708,15.187557,4978374
2014-11-28,15.4508,15.4863,15.2641,15.353,15.169970000000001,45209312
2014-12-01,15.2907,15.3352,14.9974,15.0329,14.853685,42336822
2014-12-02,15.0418,15.104,14.6862,14.7307,14.555088,32952327
2014-12-03,14.7307,14.8462,14.6418,14.6684,14.493530999999999,29013201
2014-12-04,14.6151,14.7573,14.544,14.6062,14.432073,39798163
2014-12-05,14.5173,14.8196,14.5173,14.6862,14.511119,28216848
2014-12-08,14.8373,14.8373,14.4106,14.4551,14.282774,25503127
2014-12-09,14.384,14.384,14.0017,14.1617,13.992872,50736577
2014-12-10,14.0461,14.2595,13.7439,13.7883,13.623922,36022900
2014-12-11,13.735,14.215,13.735,13.9306,13.764527,39212072
2014-12-15,13.4061,13.6461,13.0682,13.1216,12.965172,18800012
2014-12-16,12.9794,13.4772,12.7304,13.1394,12.982759,76077845
2014-12-17,13.335,13.4594,13.0238,13.415,13.255073999999999,84790030
2014-12-18,13.5394,14.1084,13.4327,14.0284,13.861161,70812286
2014-12-19,14.0461,14.2239,13.8417,13.9395,13.773320000000002,39461138
2014-12-22,13.9839,14.0017,13.7261,13.8328,13.667892000000002,22417231
2014-12-23,13.9039,13.9306,13.6461,13.6728,13.5098,25573845
2014-12-24,13.735,13.735,13.4594,13.5216,13.360401999999999,12152987
2014-12-26,13.5927,13.5927,13.335,13.3972,13.237485000000001,20909645
2014-12-29,13.4239,13.6283,13.3616,13.5216,13.360401999999999,30018662
2014-12-30,13.495,13.6728,13.4327,13.5216,13.360401999999999,21982915
2014-12-31,13.4861,13.6194,13.3527,13.3705,13.211103,14946779
2015-01-02,13.4327,13.5216,12.9705,13.0505,12.894917999999999,33377087
2015-01-05,13.1127,13.1127,12.606,12.7393,12.587429,51738923
2015-01-06,12.8015,13.0238,12.5971,12.9171,12.763109,33392274
2015-01-07,13.1038,13.2994,12.9349,13.2105,13.053011,52822595
2015-01-08,13.3261,13.4683,13.2816,13.3794,13.219898,65767467
2015-01-09,13.4327,13.4327,13.1216,13.335,13.176027,33422834
2015-01-12,13.3527,13.3972,13.1127,13.1305,12.973965,54142614
2015-01-13,13.1572,13.246,12.8549,12.926,12.771903,49958868
2015-01-14,12.8015,12.8193,12.2859,12.4371,12.288832000000001,67914904
2015-01-15,12.5437,12.6326,12.3126,12.3748,12.227274000000001,36430946
2015-01-16,12.3748,12.4371,12.0726,12.1792,12.034006,58088956
2015-01-19,12.2948,12.4282,12.1437,12.1792,12.034006,11496138
2015-01-20,12.2059,12.3926,12.1259,12.3482,12.200992,56037380
2015-01-21,12.4015,12.4015,12.0992,12.3304,12.183404,51331417
2015-01-22,12.3748,12.7393,12.2504,12.6949,12.543558,92750074
2015-01-23,12.6949,12.846,12.3659,12.4282,12.280038000000001,47679362
2015-01-26,12.4993,12.5349,12.357,12.4637,12.315114999999999,29320197
2015-01-27,12.3926,12.5526,12.277,12.5171,12.367878,37928811
2015-01-28,12.5082,12.5437,12.2237,12.2859,12.139434,24805633
2015-01-29,12.2504,12.4726,12.2059,12.3659,12.21848,53030218
2015-01-30,12.3659,12.3659,11.7792,11.8325,11.69144,69721948
2015-02-03,11.9481,12.2237,11.8948,12.197,12.051594,52822629
2015-02-04,12.2415,12.277,11.5303,11.6103,11.471889,62465531
2015-02-05,12.0548,13.1749,11.8681,13.1305,12.973965,169499752
2015-02-06,13.1572,13.4861,12.9971,13.0682,12.912408000000001,59731872
2015-02-09,13.1038,13.4239,13.0149,13.2549,13.096882,48962635
2015-02-10,13.335,13.6194,12.926,12.9527,12.798285,71845685
2015-02-11,12.9705,13.2994,12.7127,12.8104,12.657681,34656261
2015-02-12,12.8904,13.2905,12.846,13.1927,13.035424,41805680
2015-02-13,13.2638,13.3261,13.006,13.0505,12.894917999999999,22145102
2015-02-16,13.0238,13.1394,12.9794,13.0238,12.868537,3210182
2015-02-17,13.0238,13.2994,12.9171,13.2816,13.123264,28488453
2015-02-18,13.1572,13.415,12.9616,13.0594,12.903711999999999,46660660
2015-02-19,12.9794,13.2727,12.9794,13.1483,12.991553,20246988
2015-02-20,13.1127,13.335,13.0327,13.3083,13.149645999999999,18953415
2015-02-23,13.166,13.5127,13.166,13.4416,13.281356,24537221
2015-02-24,13.4416,13.7705,13.4416,13.6817,13.518594,56840183
2015-02-25,13.6817,13.7261,13.4327,13.5127,13.351609,45206488
2015-02-26,13.4861,13.8683,13.4861,13.6994,13.536082999999998,42856834
2015-02-27,13.655,13.735,13.3794,13.4683,13.307738,52831882
2015-03-02,13.4239,13.5661,13.2638,13.5038,13.342815,32152886
2015-03-03,13.4772,13.4772,13.246,13.2994,13.140851999999999,39471479
2015-03-04,13.2905,13.3705,13.0682,13.1216,12.965172,22324575
2015-03-05,13.0771,13.335,13.0505,13.2727,13.11447,34791265
2015-03-06,13.2016,13.415,12.7215,12.7838,12.631397999999999,50833263
2015-03-09,12.8371,12.8816,12.7304,12.8015,12.648888000000001,21984909
2015-03-10,12.8104,12.8104,12.526,12.7038,12.552352,34282665
2015-03-11,12.766,12.8727,12.5082,12.8193,12.666475,38394852
2015-03-12,12.8282,13.2994,12.8193,13.2816,13.123264,34240941
2015-03-13,13.2816,13.4416,13.1394,13.2994,13.140851999999999,31105584
2015-03-17,13.2372,13.2905,13.0682,13.1394,12.982759,19822272
2015-03-18,13.1394,13.1394,12.7038,12.9705,12.815872,70596357
2015-03-19,13.0327,13.0327,12.526,12.7038,12.552352,60355513
2015-03-20,12.6949,12.8816,12.5882,12.7038,12.552352,69980630
2015-03-23,12.7393,12.8727,12.5793,12.8371,12.684063,40417575
2015-03-24,12.8638,13.1216,12.8638,13.0238,12.868537,41741186
2015-03-25,13.086,13.2283,12.8371,12.9438,12.789491,51085090
2015-03-26,12.8993,12.9794,12.7038,12.7304,12.578635,50871049
2015-03-27,12.7571,12.8816,12.6949,12.7927,12.640191999999999,27638299
2015-03-30,12.8104,13.0149,12.766,12.8993,12.745521,24668074
2015-03-31,12.8015,13.0149,12.7927,12.8638,12.710444,34200963
2015-04-01,12.8015,12.8993,12.6949,12.7393,12.587429,22238739
2015-04-06,12.7927,13.415,12.7571,13.3616,13.20231,60239477
2015-04-07,13.2905,13.6016,13.2105,13.4327,13.272563,63378661
2015-04-08,13.3261,13.4683,13.1127,13.1572,13.000347,60531338
2015-04-09,13.1572,13.3083,13.086,13.2105,13.053011,31996186
2015-04-10,13.1572,13.2905,13.1572,13.2283,13.0706,15313534
2015-04-13,13.2283,13.415,13.2016,13.246,13.088089,21073896
2015-04-14,13.2549,13.3527,13.1838,13.3172,13.158439999999999,29823611
2015-04-15,13.3527,13.6905,13.2994,13.6461,13.483417999999999,69566176
2015-04-16,13.5394,13.6283,13.4327,13.6016,13.439448,36440087
2015-04-17,13.6016,13.6016,13.3527,13.4327,13.272563,33717314
2015-04-20,13.4683,13.5305,13.2372,13.3794,13.219898,34088178
2015-04-21,13.3972,13.6905,13.3616,13.4505,13.29015,46124935
2015-04-22,13.4683,13.7794,13.3972,13.7083,13.544877,54475243
2015-04-23,13.7083,14.0106,13.6461,13.815,13.650305,49953587
2015-04-24,13.8683,14.215,13.7972,14.1528,13.984077,50747382
2015-04-27,14.2239,14.5529,14.215,14.2506,14.080710999999999,55013969
2015-04-28,14.3399,14.3769,14.0717,14.1642,13.995342,33399771
2015-04-29,14.2104,14.2104,14.007,14.0717,13.903945000000002,27728995
2015-04-30,14.1457,14.1919,13.6187,13.6834,13.520273999999999,73436872
2015-05-04,13.7666,13.9238,13.7574,13.8776,13.712157999999999,33399254
2015-05-05,13.8406,13.9885,13.7389,13.8129,13.648229999999998,35964270
2015-05-06,13.8406,13.9146,13.6557,13.6927,13.529464,32546178
2015-05-07,13.6834,13.97,13.6372,13.7944,13.629951,25512328
2015-05-08,13.8683,14.1827,13.8591,14.118,13.949693,56508791
2015-05-11,14.1457,14.3214,14.1365,14.2752,14.105019,36825109
2015-05-12,14.2289,14.3306,14.1735,14.2382,14.06846,40480585
2015-05-13,14.3029,14.3029,14.1457,14.2012,14.0319,16817494
2015-05-14,14.1735,14.4693,14.1735,14.3399,14.168947,31985871
2015-05-15,14.2752,14.5063,14.2752,14.4878,14.315083999999999,25860902
2015-05-18,14.5155,14.5248,14.1919,14.3399,14.168947,33722962
2015-05-19,14.3399,14.4785,14.2844,14.3121,14.141479,39892094
2015-05-20,14.3121,14.4601,14.118,14.1642,13.995342,27966665
2015-05-21,14.2289,14.2289,13.8776,14.1457,13.977063000000001,53604132
2015-05-22,14.155,14.155,13.8129,13.8683,13.70297,32958797
2015-05-25,13.8683,13.9053,13.8036,13.8314,13.66651,6563893
2015-05-26,13.8036,13.8129,13.5448,13.6557,13.492904000000001,58517558
2015-05-27,13.6927,13.9423,13.6834,13.9146,13.748717999999998,52602778
2015-05-28,13.9515,13.9515,13.5078,13.5817,13.419785999999998,58082578
2015-05-29,13.591,13.6187,13.2766,13.3321,13.173162,105895805
2015-06-01,13.3876,13.3968,13.0455,13.2212,13.063584,60234965
2015-06-02,13.2674,13.7204,13.1472,13.48,13.319298000000002,65541564
2015-06-03,13.5817,13.6742,13.2119,13.2674,13.109232999999998,59025518
2015-06-04,13.2674,13.3321,13.1102,13.1749,13.017836,42463998
2015-06-05,13.2581,13.48,13.1472,13.4431,13.282839000000001,33880277
2015-06-08,13.3876,13.5078,13.3783,13.4708,13.310208,20487463
2015-06-09,13.4985,13.5448,13.3783,13.5078,13.346767000000002,27776487
2015-06-10,13.5817,13.8221,13.5355,13.6372,13.474625,46860425
2015-06-11,13.6742,13.7019,13.5632,13.6002,13.438066000000001,26174075
2015-06-12,13.591,13.6927,13.5632,13.6187,13.456346,20743988
2015-06-15,13.6002,13.6002,13.4061,13.4615,13.301020000000001,23778392
2015-06-16,13.4061,13.6465,13.3783,13.554,13.392416,21822155
2015-06-17,13.5817,13.7204,13.4708,13.6649,13.501994,42923058
2015-06-18,13.6649,13.7759,13.6372,13.7204,13.556832,26355352
2015-06-19,13.6834,13.7759,13.6187,13.6372,13.474625,78776004
2015-06-22,13.7389,13.7759,13.6557,13.7204,13.556832,15824121
2015-06-23,13.7666,13.9053,13.7297,13.7944,13.629951,43061889
2015-06-24,13.7944,13.8314,13.4985,13.6002,13.438066000000001,37134969
2015-06-25,13.5448,13.7019,13.5263,13.6372,13.474625,33080200
2015-06-26,13.6557,13.8221,13.628,13.6649,13.501994,35288791
2015-06-29,13.4893,13.5448,13.1379,13.1657,13.008745,60258376
2015-06-30,13.2951,13.3506,13.1749,13.3229,13.164071,51440458
2015-07-01,13.3691,13.4708,13.2212,13.2489,13.090954,40195903
2015-07-02,13.3044,13.3783,13.1657,13.2489,13.090954,47682984
2015-07-03,13.3044,13.3044,13.1564,13.2766,13.118323,6962521
2015-07-06,13.2119,13.2212,12.99,13.0362,12.880789,36055045
2015-07-07,13.0362,13.2119,12.7589,13.1749,13.017836,62487197
2015-07-08,13.1749,13.1749,12.7589,12.7774,12.625074,57713954
2015-07-09,12.953,13.1657,12.8883,12.953,12.798581,63980012
2015-07-10,13.0917,13.2119,13.0085,13.1472,12.990466,37459217
2015-07-13,13.1657,13.2951,13.1564,13.2581,13.100043,29017758
2015-07-14,13.2304,13.3136,13.1657,13.2489,13.090954,19699396
2015-07-15,13.2119,13.2859,13.1287,13.1472,12.990466,25948859
2015-07-16,13.2027,13.2396,13.0825,13.1564,12.999557000000001,19554196
2015-07-17,13.1379,13.2766,13.1379,13.2674,13.109232999999998,12335936
2015-07-20,13.2766,13.4431,13.1842,13.3876,13.228,25608760
2015-07-21,13.3876,13.5448,13.1102,13.1564,12.999557000000001,37526208
2015-07-22,13.3413,13.6372,13.2212,13.2581,13.100043,81877783
2015-07-23,13.2951,13.3783,12.7496,12.9715,12.816861,75569585
2015-07-24,13.027,13.027,12.1117,12.1764,12.031239999999999,106418002
2015-07-27,12.0192,12.2041,11.6032,11.8713,11.729776,75637193
2015-07-28,12.0285,12.611,11.8898,12.574,12.4241,80969952
2015-07-29,12.5832,12.8606,12.4815,12.8328,12.679814,49147225
2015-07-30,12.8328,12.8976,12.4538,12.6017,12.451469,42524157
2015-07-31,12.6572,12.7589,12.4168,12.6942,12.542866,44777445
2015-08-03,12.6572,12.6572,12.4168,12.5832,12.43319,27405092
2015-08-04,12.5925,12.6479,12.3521,12.3983,12.250494,36436560
2015-08-05,12.4908,12.6294,12.1949,12.2504,12.104357,36517006
2015-08-06,12.3428,12.5092,12.1949,12.4445,12.296144,22701418
2015-08-07,12.3706,12.7866,12.3706,12.7404,12.588516,34978174
2015-08-10,12.7589,12.953,12.7496,12.9068,12.752933,35691738
2015-08-11,12.7959,12.8791,12.2504,12.2966,12.150007,73705684
2015-08-12,12.1949,12.2966,11.9545,12.1856,12.04033,86372153
2015-08-13,12.2689,12.2966,12.0192,12.1672,12.022149,38603150
2015-08-14,12.2041,12.3243,12.1117,12.2319,12.086078,20336851
2015-08-17,12.2134,12.2966,12.084,12.1209,11.976401,30319526
2015-08-18,12.1209,12.2781,12.047,12.2504,12.104357,35266611
2015-08-19,12.1117,12.3058,12.0377,12.1117,11.967311,49456972
2015-08-20,12.0192,12.0562,11.6032,11.6494,11.510522,81453085
2015-08-21,11.6032,11.6032,10.919,11.0485,10.916786,128332219
2015-08-24,10.4937,11.0207,9.8003,10.9098,10.779738,95112976
2015-08-25,11.3628,11.4275,11.0022,11.0485,10.916786,73259805
2015-08-26,11.1964,11.2796,10.8543,11.2056,11.072013,52913664
2015-08-27,11.372,11.973,11.3258,11.8713,11.729776,91432920
2015-08-28,11.7881,12.0192,11.7049,11.8713,11.729776,52750688
2015-08-31,11.7696,12.2041,11.5847,12.1394,11.99468,87944674
2015-09-01,11.8158,11.9175,11.409,11.4737,11.336916,75298959
2015-09-02,11.5569,11.7511,11.372,11.7141,11.57445,44474077
2015-09-03,11.6124,12.0562,11.6124,11.7788,11.638378999999999,43959212
2015-09-04,11.6494,11.7419,11.409,11.5754,11.437405,49926298
2015-09-07,11.4368,11.6494,11.4368,11.52,11.382666,4393579
2015-09-08,11.6956,11.8806,11.6217,11.7973,11.656659,34562431
2015-09-09,11.9083,12.084,11.7141,11.7604,11.620198,41392160
2015-09-10,11.7419,12.0192,11.5662,11.9823,11.839454,31697110
2015-09-11,11.9545,12.0377,11.8251,11.9453,11.802895,27825098
2015-09-14,11.8898,12.1949,11.8436,12.1394,11.99468,30113054
2015-09-15,12.2041,12.2504,12.0007,12.1487,12.003869,26030727
2015-09-17,12.389,12.4353,12.0932,12.2966,12.150007,54798946
2015-09-18,12.1579,12.1579,11.8436,11.8898,11.748056,84949178
2015-09-21,11.9268,12.01,11.7696,11.8528,11.711497,20861640
2015-09-22,11.7604,11.7604,11.5107,11.5569,11.419125,46368468
2015-09-23,11.5569,11.5569,11.0207,11.1871,11.053734,88572269
2015-09-24,11.1132,11.1502,10.6786,11.0669,10.934967,126858116
2015-09-25,11.1779,11.2241,10.8635,10.9467,10.816199000000001,63136687
2015-09-28,10.9005,10.9005,10.5215,10.5584,10.432528,57967680
2015-09-29,10.6601,10.8635,10.4475,10.6879,10.560483999999999,57332021
2015-09-30,10.8173,10.9375,10.5677,10.9005,10.770551,66337236
2015-10-01,10.9283,11.1317,10.8081,10.9837,10.852758,35425844
2015-10-02,10.7896,11.0947,10.6971,11.0577,10.925877,33821886
2015-10-05,11.1409,11.4737,11.1409,11.3166,11.181689,58721976
2015-10-06,11.3443,11.4552,11.2334,11.3905,11.254708,31622874
2015-10-07,11.5107,11.9268,11.5015,11.8713,11.729776,61890962
2015-10-08,11.8251,12.1209,11.8158,12.0192,11.875914,62562311
2015-10-09,12.0747,12.3058,11.8898,11.936,11.793705000000001,45646118
2015-10-12,12.0192,12.0192,11.6124,11.7788,11.638378999999999,29777115
2015-10-13,11.6494,11.973,11.5754,11.8436,11.702407000000001,32855460
2015-10-14,11.7881,12.1209,11.7881,12.047,11.903382,29829548
2015-10-15,12.1024,12.1024,11.7419,11.7696,11.629289,38673598
2015-10-16,11.973,11.9823,11.6956,11.9453,11.802895,20002194
2015-10-19,11.8806,11.9915,11.7696,11.8436,11.702407000000001,23434649
2015-10-20,11.8251,11.9823,11.7973,11.8621,11.720686,38431261
2015-10-21,11.8898,11.936,11.5662,11.6217,11.483152,38843511
2015-10-22,11.3905,11.3905,10.6879,10.7526,10.624413,200191449
2015-10-23,10.8728,10.882,10.3643,10.7341,10.606133999999999,112168979
2015-10-26,10.7156,10.7896,10.3181,10.3735,10.249832000000001,66446844
2015-10-27,10.4567,10.4567,9.86501,10.0314,9.911811,168547911
2015-10-28,10.0962,10.3365,10.0037,10.1794,10.058047,62349956
2015-10-29,10.1979,10.2163,9.92049,9.98521,9.866172,35013085
2015-10-30,9.98521,10.0407,9.55067,9.6801,9.564699000000001,78585172
2015-11-03,9.79105,9.84652,9.448960000000001,9.72633,9.610377,61924275
2015-11-04,9.83728,10.2348,9.7818,9.81879,9.701736,76652182
2015-11-05,9.81879,9.92049,9.49519,9.883510000000001,9.765684,54186368
2015-11-06,9.70784,9.79105,9.49519,9.670860000000001,9.55557,53150706
2015-11-09,9.59689,9.73558,9.23632,9.2733,9.162749,87766101
2015-11-10,9.26405,9.34726,9.02367,9.25481,9.14448,74892673
2015-11-11,9.25481,9.38425,9.09763,9.16235,9.053121,45882384
2015-11-12,9.10688,9.28254,9.079139999999999,9.13462,9.025722,40778905
2015-11-13,9.10688,9.16235,8.57064,8.6446,8.541544,83281064
2015-11-17,8.70932,9.36575,8.65385,9.14386,9.034852,88591817
2015-11-18,9.13462,9.301039999999999,9.04216,9.19933,9.089661,60829366
2015-11-19,9.28254,9.35651,9.032910000000001,9.245560000000001,9.135339,68691027
2015-11-20,9.245560000000001,9.68935,9.217830000000001,9.458210000000001,9.345454,77978535
2015-11-23,9.43047,9.52293,9.26405,9.291789999999999,9.181018,33418784
2015-11-24,9.245560000000001,9.42123,9.217830000000001,9.35651,9.244966999999999,53804930
2015-11-25,9.40274,9.504439999999999,9.25481,9.4767,9.363724000000001,36080134
2015-11-26,9.43047,9.64312,9.40274,9.58765,9.473351,15073072
2015-11-27,9.5784,9.63388,9.39349,9.60614,9.491621,32755592
2015-11-30,9.58765,9.8003,9.532169999999999,9.717089999999999,9.601248,125967187
2015-12-01,9.73558,9.77256,9.49519,9.55991,9.445942,64168796
2015-12-02,9.55067,9.661610000000001,9.33802,9.38425,9.272376,28232851
2015-12-03,9.38425,9.43047,9.14386,9.25481,9.14448,38701201
2015-12-04,9.20858,9.25481,9.0699,9.217830000000001,9.10794,44037349
2015-12-07,9.22707,9.26405,8.9682,9.005180000000001,8.897825,44531231
2015-12-08,8.92197,8.92197,8.6446,8.71857,8.614632,69832392
2015-12-09,8.72781,8.92197,8.70007,8.82951,8.724249,42544774
2015-12-10,8.89423,8.91272,8.78328,8.80178,8.69685,35344416
2015-12-11,8.737060000000001,8.75555,8.311760000000001,8.3395,8.240082000000001,48798601
2015-12-14,8.21006,8.28402,7.988169999999999,8.08062,7.984286999999999,56122790
2015-12-15,8.22855,8.367230000000001,8.154589999999999,8.27478,8.176133,64354115
2015-12-16,8.35799,8.49667,8.16383,8.41346,8.313158999999999,60129269
2015-12-17,8.47818,8.579880000000001,8.394969999999999,8.450439999999999,8.349699000000001,43049271
2015-12-18,8.43195,8.43195,8.2378,8.30251,8.203532000000001,73699195
2015-12-21,8.33025,8.37648,8.13609,8.16383,8.066505000000001,48838280
2015-12-22,8.154589999999999,8.50592,8.154589999999999,8.40422,8.304029,55879493
2015-12-23,8.47818,9.04216,8.47818,9.005180000000001,8.897825,55139785
2015-12-24,8.92197,9.14386,8.92197,8.98669,8.879555,17657578
2015-12-28,8.9682,8.9682,8.65385,8.68158,8.578082,33056013
2015-12-29,8.7463,8.792530000000001,8.59837,8.607619999999999,8.505005,18671394
2015-12-30,8.6446,8.6446,8.51516,8.56139,8.459325999999999,24694155
2015-12-31,8.50592,8.737060000000001,8.46893,8.71857,8.614632,14107124
2016-01-04,8.58913,8.737060000000001,8.40422,8.43195,8.331429,27681380
2016-01-05,8.42271,8.49667,8.24704,8.311760000000001,8.212671,44914500
2016-01-06,8.2193,8.45969,8.13609,8.29327,8.194402,36754584
2016-01-07,8.20081,8.20081,7.590610000000001,7.636830000000001,7.545788000000001,77280662
2016-01-08,7.8125,7.85873,7.14682,7.1838,7.098159,116175652
2016-01-11,7.20229,7.34098,7.11908,7.23928,7.152977000000001,55090813
2016-01-12,7.3132399999999995,7.44268,7.211539999999999,7.3872,7.299134,41468942
2016-01-13,7.424189999999999,7.59985,7.09135,7.137569999999999,7.05248,41568895
2016-01-14,7.19305,7.44268,6.98964,7.35947,7.2717339999999995,36914885
2016-01-15,7.20229,7.350219999999999,6.638310000000001,7.322489999999999,7.235196000000001,80850843
2016-01-18,7.322489999999999,7.33173,7.12833,7.25777,7.171247,6844459
2016-01-19,7.3872,7.3872,6.82322,6.952660000000001,6.8697740000000005,41187206
2016-01-20,6.76775,6.8879399999999995,6.26849,6.81398,6.732748,71808271
2016-01-21,6.777,7.368710000000001,6.740010000000001,7.2855,7.198646000000001,83163078
2016-01-22,7.44268,7.78476,7.322489999999999,7.44268,7.3539520000000005,73383708
2016-01-25,7.44268,7.44268,6.850960000000001,6.90643,6.824095,43267290
2016-01-26,6.93417,7.109839999999999,6.6568,7.054360000000001,6.970262,44580689
2016-01-27,7.02663,7.23003,6.91568,7.02663,6.942862,60280350
2016-01-28,7.211539999999999,7.39645,6.952660000000001,7.211539999999999,7.1255679999999995,65907136
2016-01-29,7.267010000000001,7.636830000000001,7.267010000000001,7.581360000000001,7.490978999999999,130835922
2016-02-02,7.3872,7.64608,7.23928,7.424189999999999,7.335683,74876143
2016-02-03,7.424189999999999,7.830989999999999,7.11908,7.76627,7.673685000000001,98542273
2016-02-04,8.13609,9.032910000000001,8.099110000000001,8.70932,8.605493,176894840
2016-02-05,8.737060000000001,8.82951,8.50592,8.55214,8.450186,54660075
2016-02-08,8.42271,8.42271,7.830989999999999,7.9142,7.819851,71897225
2016-02-09,7.67382,8.13609,7.54438,7.68306,7.591467,98876130
2016-02-10,7.82175,7.8864600000000005,7.562869999999999,7.67382,7.582337,64119835
2016-02-11,7.46117,7.67382,7.30399,7.55362,7.46357,72265757
2016-02-12,7.67382,7.85873,7.5074,7.830989999999999,7.737633,52812836
2016-02-15,7.92345,8.108360000000001,7.9142,8.08062,7.984286999999999,13700051
2016-02-16,8.2193,8.2193,7.988169999999999,8.12685,8.029966,48455288
2016-02-17,8.2193,8.94046,8.182319999999999,8.848,8.742517999999999,182780862
2016-02-18,8.88499,8.88499,8.33025,8.51516,8.413647000000001,94235292
2016-02-19,8.49667,8.663089999999999,8.321010000000001,8.56139,8.459325999999999,43349805
2016-02-22,8.6446,9.09763,8.61686,9.06065,8.952634,94846353
2016-02-23,9.05141,9.291789999999999,8.89423,8.9497,8.843007,54114023
2016-02-24,8.89423,9.06065,8.51516,8.98669,8.879555,69578356
2016-02-25,9.05141,9.14386,8.866489999999999,9.079139999999999,8.970903,37836764
2016-02-26,8.88499,9.23632,8.88499,9.16235,9.053121,25235879
2016-02-29,9.19009,9.291789999999999,8.99593,9.245560000000001,9.135339,87821408
2016-03-01,9.25481,9.670860000000001,9.25481,9.63388,9.51903,72799075
2016-03-02,9.62463,9.82803,9.55067,9.62463,9.509891,65358540
2016-03-03,9.661610000000001,9.77256,9.49519,9.6801,9.564699000000001,69322465
2016-03-04,9.73558,10.0314,9.70784,9.73558,9.619518,80456028
2016-03-07,9.75407,10.2996,9.75407,10.1609,10.039767,59742562
2016-03-08,10.0499,10.1239,9.77256,9.80954,9.692594999999999,75798424
2016-03-09,9.92049,10.1424,9.902,9.957469999999999,9.838762,41492126
2016-03-10,10.1424,10.1424,9.89275,10.0314,9.911811,45838967
2016-03-11,10.1701,10.2626,9.883510000000001,9.957469999999999,9.838762,47833060
2016-03-14,9.957469999999999,10.1239,9.84652,10.0869,9.966649,47674503
2016-03-15,10.0684,10.0684,9.72633,9.86501,9.747405,67985903
2016-03-16,9.883510000000001,10.1146,9.77256,10.0962,9.975839,53776282
2016-03-17,10.0129,10.4845,10.0037,10.4105,10.286391,22311924
2016-03-18,10.4198,11.1224,10.4198,11.0577,10.925877,157498848
2016-03-22,11.1224,11.5477,11.1224,11.5015,11.364386,70743942
2016-03-23,11.4183,11.5292,10.8913,11.1132,10.980715,55817613
2016-03-28,11.2334,11.3443,11.1409,11.2981,11.16341,32893010
2016-03-29,11.3443,11.4645,11.1779,11.2888,11.154222,73983746
2016-03-30,11.3628,11.6032,11.3628,11.5107,11.373476,81215115
2016-03-31,11.5569,11.7419,11.4275,11.6032,11.464872,72025642
2016-04-01,11.5292,11.7234,11.372,11.6032,11.464872,30486368
2016-04-04,11.5569,11.6679,11.372,11.5107,11.373476,33010816
2016-04-05,11.3998,11.6494,11.2981,11.5107,11.373476,35399269
2016-04-06,11.5107,11.6494,11.3998,11.5292,11.391755,43489331
2016-04-07,11.4645,11.6494,11.3258,11.409,11.272988,51885245
2016-04-08,11.483,11.5754,11.3998,11.4275,11.291267,21701848
2016-04-11,11.446,11.6309,11.4275,11.52,11.382666,37155328
2016-04-12,11.5015,11.6679,11.4737,11.6402,11.501431,31676120
2016-04-13,11.7049,11.8066,11.5662,11.7788,11.638378999999999,36053503
2016-04-14,11.8251,11.8621,11.6217,11.6402,11.501431,39471910
2016-04-15,11.6124,11.9453,11.5847,11.8713,11.729776,37581260
2016-04-18,11.7881,12.01,11.7604,11.9083,11.766336,22457875
2016-04-19,11.936,12.1117,11.8436,12.0192,11.875914,39352638
2016-04-20,11.9453,12.1764,11.9453,12.084,11.93994,31796666
2016-04-21,12.2966,12.5185,12.0007,12.0655,11.921661,63724808
2016-04-22,12.0655,12.3243,12.0655,12.2134,12.067799,53740105
2016-04-25,12.2134,12.2966,11.8528,11.9083,11.766336,47529688
2016-04-26,11.9268,12.0192,11.8343,11.9083,11.766336,41266292
2016-04-27,11.9083,12.0655,11.7141,12.01,11.866823,40243834
2016-04-28,12.0007,12.2781,11.936,12.1209,11.976401,27475595
2016-04-29,12.375,12.375,12.0385,12.2788,12.132419,43472257
2016-05-02,12.3942,12.5096,12.2596,12.3077,12.160975,29064435
2016-05-03,12.2981,12.2981,11.7981,12.0192,11.875914,82627446
2016-05-04,11.9712,12.1346,11.5962,11.8654,11.723948,55642521
2016-05-05,11.9904,11.9904,11.6442,11.6923,11.552911,56985892
2016-05-06,11.7212,11.8269,11.4808,11.7212,11.581466,29774423
2016-05-09,11.6635,11.7981,11.2788,11.7308,11.590950999999999,47348272
2016-05-10,11.6731,12.0577,11.6731,12.0096,11.866427,43048671
2016-05-11,12.0288,12.2019,11.8173,11.8558,11.714461,38065758
2016-05-12,11.9904,12.0962,11.7404,11.8173,11.67642,56251764
2016-05-13,11.7596,11.9327,11.4904,11.5288,11.39136,44177682
2016-05-16,11.6058,11.8173,11.5481,11.5865,11.448372,39196468
2016-05-17,11.625,11.8173,11.5385,11.6731,11.53394,54414973
2016-05-18,11.6923,11.8462,11.4423,11.5673,11.4294,47022060
2016-05-19,11.5385,11.5673,11.25,11.3269,11.191866000000001,54743415
2016-05-20,11.3942,11.5288,11.2981,11.3846,11.248878,36550729
2016-05-23,11.3942,11.5865,11.2788,11.4615,11.324862,35415045
2016-05-24,11.4904,11.5962,11.3558,11.5288,11.39136,48981810
2016-05-25,11.5673,11.7788,11.5673,11.625,11.486413,55448166
2016-05-26,11.6442,11.7596,11.5577,11.6538,11.51487,58401813
2016-05-27,11.6346,11.7692,11.4519,11.5192,11.381875,44793624
2016-05-30,11.5385,11.5673,11.4519,11.5,11.362903999999999,9506389
2016-05-31,11.4904,11.625,11.2115,11.2788,11.144341,129359651
2016-06-01,11.2981,11.2981,11.1154,11.2308,11.096912,71088059
2016-06-02,11.2019,11.3654,11.0192,11.125,10.992372999999999,35763530
2016-06-03,11.1827,11.5192,11.0192,11.4135,11.277434,78814722
2016-06-06,11.4904,11.5865,11.2885,11.3654,11.229908,52093627
2016-06-07,11.4135,11.7019,11.375,11.5962,11.457956,60660532
2016-06-08,11.6346,12.1154,11.6346,11.9423,11.799930999999999,60365302
2016-06-09,11.9038,11.9038,11.5385,11.5769,11.438886,47852537
2016-06-10,11.5288,11.5385,11.2308,11.2596,11.125369000000001,69801295
2016-06-13,11.2404,11.2692,11.0577,11.125,10.992372999999999,33346875
2016-06-14,11.125,11.2212,10.7788,10.7981,10.669372000000001,40529344
2016-06-15,10.8462,11.2404,10.8462,11.1538,11.02083,40724790
2016-06-16,11.0481,11.3173,10.9519,11.2692,11.134855,38778267
2016-06-17,11.3462,11.5192,11.3269,11.5,11.362903999999999,67132885
2016-06-20,11.6154,11.875,11.6154,11.7308,11.590950999999999,51128174
2016-06-21,11.7885,11.8173,11.5481,11.5865,11.448372,30044303
2016-06-22,11.5865,11.6923,11.5288,11.6635,11.524453999999999,33914299
2016-06-23,11.7788,11.9423,11.7692,11.8942,11.752403999999999,40895450
2016-06-24,10.7692,11.1827,10.7115,10.8077,10.678857,143799910
2016-06-27,10.7596,10.7596,10.1442,10.2019,10.080278,101020736
2016-06-28,10.3846,10.5096,10.1923,10.2788,10.156261,88442349
2016-06-29,10.4038,10.7212,10.4038,10.5,10.374825,72444257
2016-06-30,10.5769,10.9135,10.3558,10.8654,10.735868,92146513
2016-07-01,10.8846,11.2308,10.8077,10.875,10.745353999999999,32119288
2016-07-04,10.875,10.8846,10.7308,10.75,10.621844,5332284
2016-07-05,10.6731,10.7019,10.4519,10.5096,10.384310000000001,43442686
2016-07-06,10.4712,10.6442,10.4135,10.5962,10.469878,38379917
2016-07-07,10.6346,11.0288,10.6346,10.9423,10.811852,45988755
2016-07-08,11.0769,11.1538,10.9519,11.0962,10.963917,47303155
2016-07-11,11.1827,11.6154,11.1538,11.5865,11.448372,63599617
2016-07-12,11.6538,11.9519,11.6538,11.9231,11.78096,67877289
2016-07-13,11.9712,12.0096,11.7308,11.7981,11.65745,44256435
2016-07-14,11.9231,11.9808,11.8365,11.9135,11.771474000000001,45651407
2016-07-15,11.9231,12.0288,11.9135,12.0,11.856942,48548215
2016-07-18,12.0385,12.5,12.0288,12.4904,12.341496000000001,74595435
2016-07-19,12.3846,12.4615,12.0192,12.0385,11.894983,49268130
2016-07-20,12.1346,12.4327,11.9904,12.3558,12.208501,44824474
2016-07-21,12.3558,12.4519,12.1154,12.1346,11.989938,31053836
2016-07-22,12.2308,12.3077,12.125,12.2596,12.113447,18828371
2016-07-25,12.2308,12.3365,12.1635,12.2981,12.151489,20658322
2016-07-26,12.3269,12.5673,12.3269,12.5288,12.379438,54861493
2016-07-27,12.7308,13.5481,12.7212,12.8365,12.683471,154995755
2016-07-28,12.8462,13.5385,12.8365,13.4904,13.329575,88032433
2016-07-29,13.4615,13.7788,13.3077,13.7404,13.576594,75203337
2016-08-01,13.7308,13.8846,13.5865,13.7212,13.557623000000001,38928969
2016-08-02,13.7212,13.7212,13.1346,13.4135,13.253592000000001,52101417
2016-08-03,13.4038,13.6635,13.2885,13.6442,13.481542000000001,43645415
2016-08-04,13.6442,13.8942,13.6346,13.7404,13.576594,26012274
2016-08-05,13.7885,14.2115,13.7212,14.1538,13.985066,48587288
2016-08-08,14.1346,14.3462,13.8269,14.0192,13.852070999999999,42044152
2016-08-09,14.0769,14.4615,14.0288,14.4231,14.251156,78013814
2016-08-10,14.3558,14.9808,14.3269,14.9038,14.726125,83306943
2016-08-11,14.7404,15.2788,14.7404,15.1635,14.982729,94552654
2016-08-12,15.0673,15.375,15.0673,15.3077,15.125210000000001,55429269
2016-08-15,15.3846,15.75,15.1923,15.4327,15.24872,77362020
2016-08-16,15.4327,15.5,15.0481,15.25,15.068197,49373780
2016-08-17,15.25,15.2981,14.9904,15.2115,15.030157,49189116
2016-08-18,15.2308,15.2404,15.0096,15.1154,14.935203,41653180
2016-08-19,15.1154,15.2596,14.8462,15.1635,14.982729,32829494
2016-08-22,15.0769,15.1827,14.9808,15.1635,14.982729,30862743
2016-08-23,15.2115,15.3654,14.9231,14.9712,14.792722,54354562
2016-08-24,14.9712,14.9712,14.7115,14.7788,14.602615,39374524
2016-08-25,14.7212,14.8077,14.2212,14.2692,14.099091,78490168
2016-08-26,14.2692,14.9808,14.2115,14.9327,14.754681,104443040
2016-08-29,14.9327,15.1538,14.875,15.0481,14.868704999999999,40639030
2016-08-30,15.1346,15.1346,14.7788,14.9904,14.811693,33638703
2016-08-31,15.0,15.0481,14.6827,14.9712,14.792722,51842252
2016-09-01,14.9808,15.2596,14.8558,14.875,14.697668,50142560
2016-09-02,14.9519,15.2404,14.9423,15.0481,14.868704999999999,33075274
2016-09-05,15.0865,15.1731,15.0673,15.1538,14.973145,1977016
2016-09-06,15.1827,15.2596,14.875,14.9904,14.811693,40058801
2016-09-07,14.9519,15.1058,14.5865,14.8077,14.631170000000001,33888594
2016-09-08,14.8365,14.9327,14.6346,14.8365,14.659626999999999,40193165
2016-09-09,14.8269,14.8269,13.875,14.2308,14.061148000000001,92516842
2016-09-12,14.2212,14.5962,14.1058,14.5385,14.365179999999999,70226669
2016-09-13,14.3942,14.3942,14.0481,14.0865,13.918569,71627665
2016-09-14,14.0962,14.2019,13.8558,13.9423,13.776087,58313088
2016-09-15,13.9519,14.0769,13.8269,14.0288,13.861556,96380289
2016-09-19,14.0,14.1442,13.7885,13.9135,13.74763,40210315
2016-09-20,13.9423,14.1154,13.8269,14.0481,13.880626999999999,30687291
2016-09-21,14.125,14.2308,13.8173,14.1635,13.99465,57742183
2016-09-22,14.2981,14.75,14.2308,14.7115,14.536118,72932566
2016-09-23,14.6346,14.7885,14.5192,14.7308,14.555187,39816615
2016-09-26,14.6058,14.7115,14.4135,14.4904,14.317654000000001,66605596
2016-09-27,14.5673,14.8558,14.3558,14.7981,14.621685000000001,57573560
2016-09-28,14.7115,15.1346,14.625,15.0865,14.906647,79109087
2016-09-29,15.0865,15.4808,15.0,15.3462,15.163251,80253754
2016-09-30,15.3846,15.4327,14.7308,14.7692,14.593129999999999,56155306
2016-10-03,14.7692,14.8846,14.5865,14.7692,14.593129999999999,28009846
2016-10-04,14.7885,14.7981,14.5673,14.7115,14.536118,38310647
2016-10-05,14.6923,15.0673,14.6923,14.9423,14.764166000000001,35185386
2016-10-06,14.9904,15.1442,14.8365,15.1154,14.935203,33463054
2016-10-07,15.1154,15.1346,14.8173,15.0096,14.830664,27033229
2016-10-10,15.0673,15.4808,14.9808,15.4038,15.220164000000002,58051436
2016-10-11,15.3173,15.625,15.2308,15.3365,15.153666000000001,62390725
2016-10-12,15.2885,15.2981,14.9423,15.2115,15.030157,46621352
2016-10-13,15.1442,15.4904,14.9038,15.4615,15.277176999999998,56999014
2016-10-14,15.4135,15.625,15.2885,15.3365,15.153666000000001,26938166
2016-10-17,15.4423,15.5481,15.2885,15.4519,15.267691000000001,17143683
2016-10-18,15.5769,15.8173,15.4808,15.6731,15.486254,43579562
2016-10-19,15.7212,16.0096,15.5481,15.8173,15.628735,40183340
2016-10-20,15.9135,16.0865,15.6923,16.0481,15.856782999999998,37071175
2016-10-21,16.0961,16.5385,16.019199,16.2789,16.084831,45393838
2016-10-24,16.3461,16.394199,16.1346,16.2885,16.094316,21673512
2016-10-25,16.2596,16.3461,16.144199,16.2211,16.027721,20758861
2016-10-26,16.2789,16.2885,16.0865,16.230801,16.037306,30766880
2016-10-27,16.3461,16.5096,15.8269,16.2115,16.018235999999998,43372463
2016-10-28,16.125,16.317301,15.7019,15.7981,15.609764000000002,50002280
2016-10-31,15.8173,15.9808,15.6923,15.7308,15.543265,53153356
2016-11-01,15.7788,15.9327,15.2404,15.4808,15.296246,49039311
2016-11-03,15.4135,15.9519,15.4135,15.5865,15.400685999999999,57642802
2016-11-04,15.5769,16.0385,15.1827,15.2212,15.039741000000001,74246650
2016-11-07,15.5481,16.1635,15.5481,16.019199,15.828226999999998,85420372
2016-11-08,15.9519,16.5289,15.9519,16.0961,15.904210999999998,58850046
2016-11-09,15.2885,16.057699,14.9135,15.7308,15.543265,165052714
2016-11-10,15.7788,16.394199,14.7692,14.8846,14.707153,109260969
2016-11-11,14.8846,15.1538,14.5481,14.8173,14.640656,94336974
2016-11-14,14.9327,15.4231,14.6923,14.8173,14.640656,64478855
2016-11-15,14.9327,15.2115,14.8558,14.8942,14.71664,50956062
2016-11-16,14.8942,15.1154,14.6635,14.8942,14.71664,43162069
2016-11-17,15.0577,15.6827,14.9135,15.6154,15.429242000000002,58310938
2016-11-18,15.6731,15.8077,15.2404,15.2885,15.106238000000001,53522133
2016-11-22,15.4423,15.6923,15.25,15.4808,15.296246,44694681
2016-11-23,15.5577,15.7981,15.2212,15.6346,15.448213,51187021
2016-11-24,15.625,15.6923,15.5481,15.5962,15.410271,4867260
2016-11-25,15.7692,16.0096,15.5769,15.9038,15.714204,20307918
2016-11-28,15.8846,16.057699,15.5577,15.6058,15.419756,39173742
2016-11-29,15.6827,15.8173,15.5096,15.5577,15.372229999999998,41922290
2016-11-30,15.6346,15.8173,15.3077,15.3942,15.210679,101772295
2016-12-01,15.4135,15.6058,15.3558,15.3942,15.210679,32915528
2016-12-02,15.3942,15.625,15.3173,15.5385,15.353257999999999,34606508
2016-12-05,15.5769,15.9327,15.5385,15.8558,15.666776,44823450
2016-12-06,15.9135,16.0769,15.5865,16.0481,15.856782999999998,43478960
2016-12-07,16.1346,16.6539,16.057699,16.605801,16.407835000000002,56468651
2016-12-08,16.6539,17.442301,16.6539,17.375,17.167864,51375228
2016-12-09,17.375,17.442301,16.730801,17.230801,17.025385,54522785
2016-12-13,17.2596,17.355801,16.9519,17.0096,16.806820000000002,44800188
2016-12-14,17.0096,17.0096,16.2404,16.3846,16.189272,45530959
2016-12-15,16.3654,16.442301,15.9615,15.9904,15.799771,41727948
2016-12-16,15.9904,16.105801,15.4904,15.6731,15.486254,99393209
2016-12-19,15.7212,15.8173,15.5288,15.5673,15.381715,20306367
2016-12-20,15.5673,15.9519,15.5673,15.8558,15.666776,39357189
2016-12-21,15.8942,15.9519,15.7692,15.8654,15.676262,21043988
2016-12-22,15.8558,15.9423,15.3462,15.4808,15.296246,19247651
2016-12-23,15.4808,15.625,15.3365,15.4327,15.24872,11028521
2016-12-26,15.3942,15.4808,15.2596,15.2885,15.106238000000001,2907027
2016-12-27,15.3365,16.057699,15.3365,16.019199,15.828226999999998,25296806
2016-12-28,16.182699,16.192301,15.8654,15.9423,15.752244000000001,16816238
2016-12-29,15.9519,16.0865,15.7019,15.7885,15.600278,21442567
2016-12-30,15.8077,15.9615,15.8077,15.9038,15.714204,13218149
2017-01-02,15.9135,15.9904,15.7596,15.9038,15.714204,880416
2017-01-03,15.9712,16.2404,15.8269,15.9038,15.714204,36243135
2017-01-04,15.9615,16.394199,15.9231,16.3461,16.151229999999998,62703206
2017-01-05,16.4039,16.4904,16.2981,16.3654,16.170301000000002,34840503
2017-01-06,16.4135,16.442301,16.2596,16.3654,16.170301000000002,21608987
2017-01-09,16.3654,16.3654,16.0961,16.192301,15.999265,33540896
2017-01-10,16.1154,16.3269,16.1154,16.2596,16.065762,68963521
2017-01-11,16.182699,16.394199,16.144199,16.3654,16.170301000000002,27278560
2017-01-12,16.25,16.7596,16.1635,16.7115,16.512273999999998,29469535
2017-01-13,16.8269,16.8269,16.4039,16.432699,16.236797,24930440
2017-01-16,16.432699,16.432699,16.125,16.144199,15.951735999999999,5054087
2017-01-17,16.2019,17.1539,16.2019,17.057699,16.854347,57615396
2017-01-18,17.125,17.6346,17.125,17.442301,17.234364000000003,62048143
2017-01-19,17.480801,17.5865,17.2596,17.4135,17.205906,29702951
2017-01-20,17.3846,18.4039,17.355801,18.192301,17.975422000000002,57334553
2017-01-23,18.0,18.317301,17.75,18.0481,17.832939,25862398
2017-01-24,18.1731,18.980801,18.1731,18.7885,18.564514000000003,64212693
2017-01-25,19.0096,19.269199,18.5769,19.1154,18.887516,41182693
2017-01-26,19.0385,19.1154,18.5096,18.5769,18.355435999999997,54354769
2017-01-27,18.5769,18.894199,18.355801,18.6154,18.393477999999998,25257574
2017-01-30,18.5481,18.557699,18.2019,18.4615,18.241411,29349597
2017-01-31,18.4904,18.7789,18.4519,18.519199,18.298424,46082982
2017-02-01,18.6539,18.6539,18.1154,18.1635,17.946964,25449525
2017-02-02,18.1731,18.4039,18.0769,18.192301,17.975422000000002,25324752
2017-02-03,18.355801,18.3654,17.9039,18.0481,17.832939,35992043
2017-02-07,17.9711,17.980801,17.307699,17.3654,17.158379,68200314
2017-02-08,17.3654,17.4039,17.0481,17.0961,16.89229,61658972
2017-02-09,17.0865,17.5289,16.932699,17.432699,17.224876000000002,68719529
2017-02-10,17.4039,17.7789,17.4039,17.567301,17.357872,27835157
2017-02-13,17.6635,17.9231,17.4135,17.6539,17.443439,31369363
2017-02-14,17.75,17.75,17.375,17.5865,17.376842,32352110
2017-02-15,17.519199,17.6731,17.355801,17.3846,17.177349,22995685
2017-02-16,17.3365,17.4904,16.942301,17.0,16.797335,33967413
2017-02-17,17.019199,17.2211,16.942301,16.9904,16.787848999999998,17131384
2017-02-20,17.067301,17.1635,16.9711,17.019199,16.816305,3518056
2017-02-21,17.067301,17.355801,17.0,17.307699,17.101366,35934395
2017-02-22,17.2404,17.307699,16.7981,16.8269,16.626299,27401712
2017-02-23,16.9711,16.9711,16.2596,16.375,16.179787,45247979
2017-02-24,16.3461,16.355801,16.0481,16.2789,16.084831,18918547
2017-02-27,16.2596,16.875,16.125,16.807699,16.607326999999998,30724894
2017-02-28,16.8846,16.894199,16.2885,16.355801,16.160816,43902593
2017-03-01,16.5481,17.4039,16.5481,17.3654,17.158379,39232269
2017-03-02,17.2789,17.394199,16.5769,16.6346,16.436291,54093984
2017-03-03,16.7596,17.105801,16.5481,16.5865,16.388765,26340636
2017-03-06,16.557699,17.0481,16.432699,17.0096,16.806820000000002,28750793
2017-03-07,16.9711,16.9711,16.5769,16.6635,16.464845999999998,37071363
2017-03-08,16.730801,16.8846,16.442301,16.4615,16.265255,22448726
2017-03-09,16.5,16.5289,16.2211,16.5,16.303295000000002,29697543
2017-03-10,16.5481,16.567301,16.230801,16.2789,16.084831,19394592
2017-03-13,16.3461,16.4711,16.105801,16.4135,16.217827,20979192
2017-03-14,16.4711,16.4711,16.0289,16.182699,15.989778,54520135
2017-03-15,16.0961,16.5385,16.0961,16.4615,16.265255,33065511
2017-03-16,16.5385,16.8461,16.2404,16.8269,16.626299,57489606
2017-03-17,16.817301,16.894199,16.6346,16.7404,16.540831,78432962
2017-03-21,16.769199,16.769199,16.2211,16.2596,16.065762,65475018
2017-03-22,16.3654,16.375,16.0865,16.25,16.056276,42243606
2017-03-23,16.25,16.3654,16.1346,16.1635,15.970807,39239834
2017-03-24,16.2404,16.317301,15.8269,16.0961,15.904210999999998,38682726
2017-03-27,16.0865,16.192301,15.8654,16.1539,15.961322000000001,41687297
2017-03-28,16.1154,16.355801,16.0096,16.0769,15.885241,29383961
2017-03-29,16.019199,16.1154,15.8462,16.0865,15.894726,42919839
2017-03-30,16.105801,16.2115,15.875,15.9231,15.733274,31755829
2017-03-31,15.9615,16.442301,15.9519,16.2981,16.103801999999998,47016124
2017-04-03,16.355801,16.432699,16.1539,16.2885,16.094316,18991370
2017-04-04,16.375,17.067301,16.375,16.9039,16.702381,61371147
2017-04-05,16.9711,17.2596,16.75,16.807699,16.607326999999998,48437528
2017-04-06,16.8846,17.0865,16.6635,16.75,16.550316,26436103
2017-04-07,16.75,16.9231,16.6346,16.7981,16.597841,21515515
2017-04-10,16.855801,16.875,16.5961,16.7789,16.578871,21906230
2017-04-11,16.8269,16.8365,16.442301,16.6635,16.464845999999998,26588440
2017-04-12,16.682699,16.682699,16.1731,16.2211,16.027721,28819330
2017-04-17,16.019199,16.2211,15.8173,16.057699,15.866268,28240002
2017-04-18,16.125,16.125,15.7788,15.9038,15.714204,29238566
2017-04-19,15.9808,16.144199,15.75,15.7692,15.581207999999998,39705090
2017-04-20,15.9135,16.057699,15.7115,16.0385,15.847298,38308894
2017-04-21,16.019199,16.105801,15.9327,16.019199,15.828226999999998,13158541
2017-04-24,16.1731,16.25,15.9904,16.2019,16.008751,26910223
2017-04-25,16.2789,16.692301,16.2404,16.6731,16.474331,53854155
2017-04-26,16.682699,16.817301,16.3461,16.7885,16.588356,43473997
2017-04-27,16.8269,17.019199,16.5865,16.932699,16.730837,40627595
2017-04-28,16.855801,16.9904,16.6154,16.6539,16.45536,20689024
2017-05-02,16.730801,17.2019,16.682699,16.7404,16.540831,39893054
2017-05-03,17.290001,17.290001,16.540001,16.559998999999998,16.362579,30381206
2017-05-04,16.629998999999998,16.85,16.25,16.389999,16.194607,24798891
2017-05-05,16.43,16.77,16.41,16.719998999999998,16.520672,17679018
2017-05-08,16.76,16.790001,16.559998999999998,16.639999,16.441626,15368461
2017-05-09,16.629998999999998,16.83,16.540001,16.790001,16.58984,19606624
2017-05-10,16.83,16.950001,16.690001000000002,16.74,16.540434,34653332
2017-05-11,16.67,16.790001,16.33,16.41,16.214369,27674358
2017-05-12,16.41,16.42,16.24,16.309998999999998,16.115561,24055681
2017-05-15,16.41,16.549999,16.309998999999998,16.379998999999998,16.184725,17971556
2017-05-16,16.379998999999998,16.469998999999998,16.110001,16.18,15.987110999999999,26736174
2017-05-17,16.110001,16.18,15.8,15.82,15.631402,43522499
2017-05-18,15.8,15.8,15.37,15.58,15.394263,44445739
2017-05-19,15.6,16.139999,15.56,15.96,15.769732999999999,39352984
2017-05-22,15.96,16.040001,15.75,15.8,15.611641,28907675
2017-05-23,15.82,15.98,15.69,15.94,15.749970999999999,19217183
2017-05-24,15.95,15.96,15.65,15.68,15.493072,24454828
2017-05-25,15.7,15.7,15.36,15.52,15.334979,31418456
2017-05-26,15.52,15.61,15.36,15.55,15.364621,19526514
2017-05-29,15.55,15.63,15.47,15.52,15.334979,6128456
2017-05-30,15.48,15.95,15.48,15.71,15.522714,23465106
2017-05-31,15.76,15.88,15.38,15.42,15.236170999999999,48577928
2017-06-01,15.47,15.75,15.45,15.71,15.522714,21348792
2017-06-02,15.65,15.96,15.65,15.94,15.749970999999999,27015303
2017-06-05,15.94,15.94,15.61,15.89,15.700567999999999,22548833
2017-06-06,15.88,16.24,15.72,16.120001000000002,15.927826999999999,32731228
2017-06-07,16.129998999999998,16.25,15.96,16.139999,15.947587,32348568
2017-06-08,16.17,16.549999,16.110001,16.389999,16.194607,27971789
2017-06-09,16.440001000000002,16.889999,16.440001000000002,16.799999,16.599718,49688213
2017-06-12,16.73,16.879998999999998,16.610001,16.84,16.639242000000003,32008032
2017-06-13,16.889999,16.889999,16.610001,16.73,16.530554000000002,23049347
2017-06-14,16.639999,16.92,16.57,16.73,16.530554000000002,34873580
2017-06-15,16.700001,16.73,16.5,16.530001000000002,16.332939,27481956
2017-06-16,16.51,16.77,16.370001000000002,16.6,16.402103,175672430
2017-06-19,16.629998999999998,16.809998999999998,16.110001,16.67,16.47127,45550642
2017-06-20,16.709999,16.84,16.469998999999998,16.540001,16.342819,34756827
2017-06-21,16.5,16.75,16.309998999999998,16.68,16.48115,34562351
2017-06-22,16.68,16.700001,16.469998999999998,16.620001000000002,16.421865,16309632
2017-06-23,16.620001000000002,16.65,16.450001,16.530001000000002,16.332939,23670614
2017-06-26,16.450001,16.530001000000002,16.34,16.440001000000002,16.244010999999997,24682544
2017-06-27,16.389999,16.52,16.35,16.5,16.303295000000002,19166023
2017-06-28,16.549999,16.85,16.469998999999998,16.809998999999998,16.6096,39470026
2017-06-29,16.700001,16.950001,16.67,16.780001000000002,16.579957999999998,24507679
2017-06-30,16.790001,17.09,16.66,17.049999,16.846739000000003,45459409
2017-07-03,17.09,17.610001,17.08,17.51,17.301256,36017926
2017-07-04,17.459999,17.6,17.309998999999998,17.57,17.36054,5418737
2017-07-05,17.6,17.98,17.57,17.889999,17.676723000000003,41217962
2017-07-06,17.790001,17.85,17.66,17.700001,17.488991,39588099
2017-07-07,17.629998999999998,17.969998999999998,17.57,17.799999,17.587797,36777962
2017-07-10,17.799999,18.139999,17.67,18.040001,17.824938,40139558
2017-07-11,17.98,18.23,17.969998999999998,18.16,17.943506,44963331
2017-07-12,18.190001000000002,18.389999,18.129998999999998,18.26,18.042315,58310217
2017-07-13,18.209999,18.209999,17.889999,17.98,17.765652,51700276
2017-07-14,17.969998999999998,18.040001,17.77,18.0,17.785414000000003,23657377
2017-07-17,17.85,17.85,17.42,17.57,17.36054,36605248
2017-07-18,17.57,17.57,17.01,17.17,16.965309,36850723
2017-07-19,17.15,17.299999,17.08,17.200001,16.994951,66990466
2017-07-20,17.290001,17.51,17.23,17.459999,17.25185,25153141
2017-07-21,17.469998999999998,17.93,17.32,17.91,17.696486,30262384
2017-07-24,17.93,17.940001000000002,17.709999,17.9,17.686605,18130755
2017-07-25,17.85,17.98,17.82,17.93,17.716248,21387014
2017-07-26,17.5,17.719998999999998,17.120001000000002,17.299999,17.093757999999998,44668686
2017-07-27,17.209999,17.4,16.959999,17.02,16.817097,29747673
2017-07-28,17.0,17.17,16.870001000000002,17.15,16.945547,49226271
2017-07-31,17.01,17.299999,17.01,17.200001,16.994951,33408781
2017-08-01,17.33,17.66,17.280001000000002,17.610001,17.400064,35150582
2017-08-02,17.58,17.799999,17.469998999999998,17.52,17.311135999999998,27103706
2017-08-03,17.5,17.629998999999998,17.23,17.299999,17.093757999999998,22331247
2017-08-04,17.379998999999998,17.530001000000002,17.200001,17.5,17.291373999999998,19140401
2017-08-07,17.48,17.58,17.389999,17.43,17.22221,11666276
2017-08-08,17.370001000000002,17.469998999999998,17.219998999999998,17.25,17.044355,24373156
2017-08-09,17.33,17.33,17.1,17.17,16.965309,17068827
2017-08-10,17.110001,17.110001,16.57,16.690001000000002,16.491032,42970497
2017-08-11,16.700001,16.809998999999998,16.440001000000002,16.5,16.303295000000002,44065493
2017-08-14,16.610001,16.73,16.52,16.610001,16.411985,26751887
2017-08-15,16.690001000000002,16.77,16.49,16.549999,16.352698999999998,19911791
2017-08-16,16.559998999999998,16.68,16.42,16.52,16.323057000000002,29108946
2017-08-17,16.52,16.58,16.32,16.42,16.224249,19133663
2017-08-18,16.49,16.629998999999998,16.299999,16.370001000000002,16.174847,24433257
2017-08-21,16.360001,16.41,16.190001000000002,16.24,16.046394,19066696
2017-08-22,16.27,16.41,16.16,16.200001,16.006872,26803695
2017-08-23,16.200001,16.24,16.1,16.15,15.957467999999999,24742568
2017-08-24,16.110001,16.15,15.98,16.110001,15.917945999999999,61351534
2017-08-25,16.15,16.309998999999998,16.01,16.16,15.967348999999999,33496193
2017-08-28,16.23,16.33,15.86,16.280001000000002,16.085918,30875502
2017-08-29,16.16,16.43,16.0,16.4,16.204487,30157062
2017-08-30,16.42,16.91,16.41,16.889999,16.688646,57760880
2017-08-31,16.92,16.940001000000002,16.59,16.709999,16.510792000000002,37458524
2017-09-01,16.77,16.870001000000002,16.59,16.84,16.639242000000003,21589209
2017-09-04,16.719998999999998,16.799999,16.629998999999998,16.66,16.461388,1679033
2017-09-05,16.68,16.83,16.379998999999998,16.42,16.224249,34692240
2017-09-06,16.379998999999998,16.51,16.299999,16.34,16.145203,43304078
2017-09-07,16.34,16.34,16.129998999999998,16.16,15.967348999999999,29627574
2017-09-08,16.200001,16.25,16.01,16.209999,16.016752,22805081
2017-09-11,16.27,16.41,15.99,16.120001000000002,15.927826999999999,37186837
2017-09-12,16.16,16.27,16.09,16.209999,16.016752,30660781
2017-09-13,16.26,16.26,15.96,15.98,15.789495,32022760
2017-09-14,15.95,16.200001,15.95,16.15,15.957467999999999,20566650
2017-09-15,16.129998999999998,16.129998999999998,15.97,16.0,15.809257,83545681
2017-09-18,15.93,16.27,15.85,16.139999,15.947587,21906682
2017-09-19,16.190001000000002,16.25,16.01,16.24,16.046394,17400673
2017-09-20,16.309998999999998,16.700001,16.26,16.65,16.451508,30778678
2017-09-21,16.690001000000002,16.77,16.42,16.719998999999998,16.520672,23283994
2017-09-22,16.610001,16.76,16.549999,16.58,16.382341,15849207
2017-09-25,16.59,16.709999,16.35,16.5,16.303295000000002,25745333
2017-09-26,16.549999,16.6,16.42,16.469998999999998,16.273653,18280368
2017-09-27,16.450001,16.690001000000002,16.35,16.42,16.224249,22204239
2017-09-28,16.370001000000002,16.58,16.33,16.360001,16.164965,23440643
2017-09-29,16.33,16.620001000000002,16.33,16.549999,16.352698999999998,19617313
2017-10-02,16.58,16.690001000000002,16.530001000000002,16.57,16.372460999999998,15210108
2017-10-03,16.639999,16.66,16.450001,16.559998999999998,16.362579,13724897
2017-10-04,16.6,16.6,16.459999,16.540001,16.342819,15960138
2017-10-05,16.49,16.629998999999998,16.450001,16.49,16.293415,18550432
2017-10-06,16.59,16.68,16.43,16.620001000000002,16.421865,22830517
2017-10-09,16.68,16.68,16.139999,16.18,15.987110999999999,26577736
2017-10-10,16.26,16.26,15.86,15.91,15.720329000000001,43723986
2017-10-11,15.93,15.93,15.35,15.4,15.216409,54330607
2017-10-12,15.54,15.54,15.0,15.09,14.910105999999999,45054470
2017-10-13,15.11,15.44,15.09,15.29,15.10772,30970514
2017-10-16,15.36,15.4,14.82,14.9,14.722370000000002,30988295
2017-10-17,15.0,15.4,14.93,15.34,15.157125,52664047
2017-10-18,15.33,15.68,15.17,15.21,15.028673999999999,35812773
2017-10-19,15.23,15.32,15.05,15.3,15.117601,16202877
2017-10-20,15.37,15.59,15.14,15.18,14.999032000000001,24350345
2017-10-23,15.24,15.63,15.24,15.46,15.275694,22325707
2017-10-24,15.55,15.93,15.55,15.89,15.700567999999999,38531829
2017-10-25,15.92,15.92,15.45,15.52,15.334979,41082910
2017-10-26,15.61,15.91,15.61,15.75,15.562237,33263346
2017-10-27,15.81,15.85,15.55,15.75,15.562237,28983715
2017-10-30,15.72,15.85,15.44,15.51,15.325098,16559656
2017-10-31,15.53,15.8,15.21,15.58,15.394263,30210742
2017-11-01,15.63,15.75,15.25,15.3,15.117601,37896702
2017-11-03,15.31,15.45,15.15,15.17,14.989151000000001,26095947
2017-11-06,15.3,15.43,15.05,15.37,15.186767000000001,45979159
2017-11-07,15.27,15.56,15.27,15.52,15.334979,34925935
2017-11-08,15.54,15.71,15.45,15.68,15.493072,14636880
2017-11-09,15.59,15.8,15.53,15.76,15.572118,27126345
2017-11-10,15.68,15.73,15.52,15.54,15.35474,43976375
2017-11-13,15.54,15.56,15.13,15.19,15.008911999999999,75135009
2017-11-14,15.26,15.26,15.02,15.08,14.900225,21630415
2017-11-15,15.0,15.17,14.87,14.91,14.732251000000002,36542384
2017-11-16,15.08,15.25,14.9,15.02,14.84094,27180716
2017-11-17,15.02,15.1,14.89,14.91,14.732251000000002,17280444
2017-11-21,14.91,14.99,14.75,14.77,14.593921,33260284
2017-11-22,14.8,14.92,14.61,14.64,14.465470000000002,30722194
2017-11-23,14.7,14.87,14.69,14.85,14.672967000000002,4709277
2017-11-24,14.84,14.84,14.52,14.65,14.47535,17420920
2017-11-27,14.57,14.57,14.39,14.44,14.267854000000002,34441795
2017-11-28,14.45,14.62,14.26,14.6,14.425947,42966740
2017-11-29,14.62,14.62,14.4,14.51,14.33702,35100513
2017-11-30,14.63,14.63,14.17,14.26,14.09,68931326
2017-12-01,14.2,14.35,13.88,14.06,13.892385,38310317
2017-12-04,14.06,14.26,13.83,13.87,13.704649,31575441
2017-12-05,13.92,13.93,13.72,13.77,13.605842,24912830
2017-12-06,13.75,13.83,13.55,13.6,13.437868,40326361
2017-12-07,13.63,14.06,13.53,13.89,13.724410999999998,39891247
2017-12-08,13.95,14.23,13.92,14.19,14.020833999999999,21708477
2017-12-11,14.1,14.44,14.1,14.29,14.119642,34003283
2017-12-13,14.47,14.58,14.31,14.47,14.297497,46658679
2017-12-14,14.52,14.52,14.2,14.36,14.188807,48078996
2017-12-15,14.28,14.48,14.15,14.19,14.020833999999999,75945505
2017-12-18,14.19,14.41,14.13,14.32,14.149284,32773109
2017-12-19,14.44,14.58,14.17,14.26,14.09,42031160
2017-12-20,14.19,14.5,14.19,14.49,14.317257999999999,29005527
2017-12-21,14.5,14.79,14.5,14.68,14.504992999999999,28440411
2017-12-22,14.74,14.75,14.61,14.71,14.534635999999999,31431545
2017-12-26,14.66,14.87,14.61,14.78,14.603801,11862775
2017-12-27,14.8,14.86,14.71,14.78,14.603801,8640909
2017-12-28,14.85,14.87,14.69,14.75,14.574159,12884033
2017-12-29,14.75,14.81,14.62,14.7,14.524754999999999,13852615
2018-01-02,14.77,15.13,14.61,15.07,14.890344,19881071
2018-01-03,15.07,15.43,15.02,15.25,15.068197,27899237
2018-01-04,15.32,15.49,15.28,15.39,15.206529000000002,26302699
2018-01-05,15.42,15.51,15.15,15.18,14.999032000000001,25383892
2018-01-08,15.28,15.29,15.09,15.15,14.969389000000001,23971658
2018-01-09,15.15,15.19,14.89,14.95,14.771773999999999,41420804
2018-01-10,15.04,15.1,14.84,15.01,14.831059,30729924
2018-01-11,15.01,15.37,15.01,15.33,15.147243,33135350
2018-01-12,15.3,15.55,15.21,15.31,15.127482,24317854
2018-01-15,15.42,15.55,15.23,15.37,15.186767000000001,5244368
2018-01-16,15.4,15.51,15.22,15.36,15.176885999999998,22460928
2018-01-17,15.46,15.46,15.18,15.29,15.10772,25372843
2018-01-18,15.33,15.33,15.18,15.25,15.068197,15667407
2018-01-19,15.26,15.37,15.24,15.27,15.087959,27913214
2018-01-22,15.35,15.49,15.27,15.4,15.216409,24592728
2018-01-23,15.46,15.64,15.29,15.62,15.433785999999998,30091249
2018-01-24,15.51,15.8,15.51,15.58,15.394263,42599136
2018-01-25,15.61,15.74,15.38,15.43,15.246051999999999,34295305
2018-01-26,15.39,15.8,15.27,15.7,15.512832999999999,37214225
2018-01-29,15.65,15.7,15.35,15.51,15.325098,34366187
2018-01-30,15.4,15.79,15.33,15.77,15.581999,28497243
2018-01-31,15.77,15.8,15.43,15.48,15.295454999999999,44366076
2018-02-01,15.54,15.67,15.29,15.34,15.157125,31294500
2018-02-02,15.29,15.43,15.06,15.21,15.028673999999999,23119337
2018-02-06,14.75,15.06,14.6,14.92,14.742132000000002,49267967
2018-02-07,14.92,15.13,14.65,14.7,14.524754999999999,38404861
2018-02-08,14.76,14.76,13.9,14.03,13.862741,69463653
2018-02-09,14.1,14.31,13.57,13.96,13.793576000000002,56598229
2018-02-12,14.0,14.13,13.76,13.79,13.625603,37611076
2018-02-13,13.79,13.91,13.65,13.78,13.615722,26233507
2018-02-14,13.77,14.23,13.65,14.14,13.971430999999999,30484471
2018-02-15,14.1,14.1,13.76,13.94,13.773814000000002,41580110
2018-02-16,13.92,14.16,13.7,13.91,13.744172,28825388
2018-02-19,13.98,14.03,13.84,13.93,13.763933999999999,2718387
2018-02-20,14.0,14.0,13.46,13.52,13.358822,47586924
2018-02-21,13.56,13.59,13.19,13.28,13.121682999999999,33674788
2018-02-22,13.31,13.68,13.27,13.5,13.33906,27195578
2018-02-23,13.56,13.56,13.18,13.23,13.072279,22451125
2018-02-26,13.21,13.34,12.87,13.05,12.894425,28218959
2018-02-27,13.11,13.23,12.65,12.69,12.538716,38799200
2018-02-28,12.75,12.75,12.23,12.45,12.301578,50557418
2018-03-01,12.52,13.14,12.52,13.1,12.94383,58618380
2018-03-02,12.94,13.17,12.66,13.1,12.94383,31227524
2018-03-05,13.13,13.2,12.94,13.01,12.854902000000001,36961456
2018-03-06,13.14,13.28,13.07,13.15,12.993233,38347730
2018-03-07,13.01,13.11,12.9,13.0,12.845021000000001,39379428
2018-03-08,13.06,13.57,12.96,13.55,13.388464,35734016
2018-03-09,13.61,13.82,13.54,13.72,13.556436999999999,57458527
2018-03-12,13.78,13.79,13.47,13.55,13.388464,43340244
2018-03-13,13.51,13.73,13.43,13.68,13.516914000000002,31518915
2018-03-14,13.68,13.68,13.34,13.44,13.279775,29191430
2018-03-15,13.48,13.8,13.34,13.38,13.22049,25124222
2018-03-16,13.35,13.39,12.99,13.07,12.914186,139380488
2018-03-20,12.91,12.97,12.6,12.62,12.469551,51660346
2018-03-21,12.66,12.8,12.44,12.65,12.499193,50235189
2018-03-22,12.63,12.63,12.38,12.43,12.281816000000001,39604240
2018-03-23,13.09,13.39,12.85,12.99,12.835139999999999,94421877
2018-03-26,13.09,13.09,12.64,12.92,12.765975,52385055
2018-03-27,12.95,13.05,12.6,12.65,12.499193,36881469
2018-03-28,12.65,12.67,11.98,12.03,11.886584,85970613
2018-04-02,12.07,12.21,11.86,11.99,11.847061,28343669
2018-04-03,11.97,12.14,11.9,12.12,11.975512,39047275
2018-04-04,12.0,12.45,11.87,12.4,12.252172999999999,52070386
2018-04-05,12.48,12.71,12.41,12.63,12.479432000000001,29949923
2018-04-06,12.6,12.76,12.34,12.66,12.509074,28464382
2018-04-09,12.91,13.19,12.87,13.04,12.884544,34671249
2018-04-10,13.15,13.23,12.91,12.98,12.825258999999999,34744241
2018-04-11,12.93,13.08,12.88,13.05,12.894425,23651249
2018-04-12,13.05,13.16,12.94,13.06,12.904306,21591311
2018-04-13,13.08,13.08,12.77,12.89,12.736333,29612262
2018-04-16,13.0,13.0,12.57,12.6,12.44979,23639911
2018-04-17,12.55,12.95,12.55,12.92,12.765975,29760024
2018-04-18,12.95,13.2,12.95,13.05,12.894425,34665820
2018-04-19,12.96,13.15,12.73,12.85,12.696810000000001,29537574
2018-04-20,12.82,12.98,12.67,12.69,12.538716,22297978
2018-04-23,12.65,12.98,12.65,12.86,12.70669,20098542
2018-04-24,12.92,12.98,12.48,12.5,12.350982,26181285
2018-04-25,12.54,12.75,12.39,12.47,12.32134,23414929
2018-04-26,12.35,12.53,11.94,12.16,12.015035000000001,52201076
2018-04-27,12.16,12.16,11.61,11.67,11.530876,52988802
2018-04-30,11.69,11.95,11.66,11.7,11.560518,28188364
2018-05-02,11.6,11.72,11.39,11.44,11.303618,41814824
2018-05-03,11.37,11.51,11.28,11.44,11.303618,46692351
2018-05-04,11.49,11.64,11.38,11.54,11.402427000000001,30073291
2018-05-07,11.52,11.58,11.33,11.35,11.214692,28937378
2018-05-08,11.38,11.7,11.37,11.67,11.530876,26977226
2018-05-09,11.7,11.81,11.51,11.67,11.530876,25589697
2018-05-10,11.57,11.96,11.57,11.68,11.540757000000001,20829456
2018-05-11,11.78,11.79,11.51,11.72,11.58028,21554181
2018-05-14,11.67,11.75,11.56,11.6,11.461711,14568731
2018-05-15,11.57,11.66,11.47,11.57,11.432068,15957342
2018-05-16,11.57,11.88,11.55,11.85,11.708731,19703710
2018-05-17,11.8,11.98,11.52,11.56,11.422188,31980170
2018-05-18,11.55,11.71,11.45,11.67,11.530876,111931843
2018-05-21,11.62,12.24,11.47,11.89,11.748254,34113663
2018-05-22,11.84,11.96,11.84,11.91,11.768015,33645112
2018-05-23,11.85,12.17,11.69,11.91,11.768015,32205141
2018-05-24,11.83,11.98,11.7,11.77,11.629684,13466330
2018-05-25,11.71,11.9,11.71,11.75,11.609922000000001,29716407
2018-05-28,11.8,11.88,11.56,11.67,11.530876,6010346
2018-05-29,11.7,11.8,11.59,11.75,11.609922000000001,20608996
2018-05-30,11.79,11.87,11.62,11.74,11.600041000000001,25998584
2018-05-31,11.72,11.9,11.7,11.86,11.718611,73802402
2018-06-01,11.88,12.02,11.77,11.84,11.69885,18676837
2018-06-04,11.86,12.08,11.86,12.01,11.866823,20929558
2018-06-05,11.99,12.26,11.97,12.14,11.995274,34077100
2018-06-06,12.23,12.3,12.14,12.25,12.103962,27929322
2018-06-07,12.25,12.28,12.02,12.2,12.054558,20064798
2018-06-08,12.12,12.29,12.12,12.24,12.094081,20602371
2018-06-11,12.25,12.73,12.23,12.7,12.548597000000001,41375417
2018-06-12,12.7,12.78,12.56,12.67,12.518955,26466611
2018-06-13,12.6,12.79,12.55,12.63,12.479432000000001,36919924
2018-06-14,12.52,12.94,12.43,12.89,12.736333,37174432
2018-06-15,12.88,12.92,12.71,12.87,12.716571,80283332
2018-06-18,12.87,12.87,12.53,12.65,12.499193,17112773
2018-06-19,12.62,12.82,12.47,12.71,12.558478,29846273
2018-06-20,12.71,12.92,12.59,12.88,12.726452,18783347
2018-06-21,12.81,13.42,12.52,12.55,12.400386,38445734
2018-06-22,12.62,12.84,12.52,12.75,12.598001,21194753
2018-06-25,12.72,12.74,12.49,12.6,12.44979,18366115
2018-06-26,12.58,13.16,12.52,13.14,12.983353,25950655
2018-06-27,13.12,13.38,12.87,12.94,12.785736,29175208
2018-06-28,12.94,13.05,12.7,13.01,12.854902000000001,33646598
2018-06-29,13.04,13.2,12.86,13.06,12.904306,40197751
2018-07-02,13.11,13.11,12.38,12.69,12.538716,21073924
2018-07-03,12.66,13.17,12.57,12.96,12.805498,28216458
2018-07-04,12.88,13.12,12.8,13.06,12.904306,3873106
2018-07-05,13.11,13.5,12.85,13.45,13.289655999999999,67318034
2018-07-06,13.45,13.53,13.26,13.34,13.180967,37407912
2018-07-09,13.4,13.6,13.19,13.45,13.289655999999999,17265914
2018-07-10,13.41,13.46,13.2,13.31,13.151326000000001,34057718
2018-07-11,13.22,13.31,13.1,13.27,13.111803,15709539
2018-07-12,13.22,13.33,13.04,13.05,12.894425,21098442
2018-07-13,13.03,13.12,12.8,12.86,12.70669,30204780
2018-07-16,12.8,12.8,12.5,12.63,12.479432000000001,18516549
2018-07-17,12.65,12.7,12.41,12.58,12.430028,30742912
2018-07-18,12.55,12.87,12.52,12.82,12.667167,17564815
2018-07-19,12.78,12.96,12.72,12.78,12.627644,22455050
2018-07-20,12.75,13.03,12.15,12.73,12.578239,17766848
2018-07-23,12.76,12.89,12.5,12.72,12.568359,16150464
2018-07-24,12.78,13.3,12.74,13.17,13.012995,37817389
2018-07-25,13.24,13.44,13.02,13.23,13.072279,36435912
2018-07-26,13.37,14.1,13.3,13.82,13.655245,55573516
2018-07-27,13.8,14.06,13.73,13.93,13.763933999999999,30108408
2018-07-30,13.89,14.07,13.79,14.01,13.842979999999999,24264019
2018-07-31,14.01,14.1,13.82,13.89,13.724410999999998,27274939
2018-08-01,13.86,14.03,13.73,13.9,13.734291,18949403
2018-08-02,13.84,13.84,13.6,13.78,13.615722,14054557
2018-08-03,13.8,13.9,13.66,13.88,13.714529999999998,14792549
2018-08-06,13.9,14.05,13.86,13.93,13.763933999999999,14199091
2018-08-07,14.0,14.09,13.75,13.77,13.605842,26727228
2018-08-08,13.8,13.81,13.65,13.79,13.625603,16339302
2018-08-09,13.83,13.83,13.26,13.28,13.121682999999999,27638647
2018-08-10,13.21,13.34,13.04,13.28,13.121682999999999,77455533
2018-08-13,13.34,13.34,13.1,13.18,13.022876,20810340
2018-08-14,13.2,13.47,13.12,13.42,13.260014000000002,26843049
2018-08-15,13.35,13.35,12.91,13.12,12.963591000000001,38160812
2018-08-16,13.16,13.16,12.51,12.59,12.439909,50269622
2018-08-17,12.6,12.79,12.57,12.75,12.598001,32329039
2018-08-20,12.75,12.86,12.51,12.77,12.617764,14860302
2018-08-21,12.83,13.24,12.78,13.19,13.032756,31740397
2018-08-22,13.11,13.45,13.0,13.39,13.230371,29778641
2018-08-23,13.39,13.52,13.25,13.3,13.141445000000001,21212714
2018-08-24,13.3,13.42,13.14,13.27,13.111803,9537745
2018-08-27,13.32,13.88,13.23,13.83,13.665126,27309841
2018-08-28,13.9,13.98,13.5,13.56,13.398345,37256448
2018-08-29,13.54,13.83,13.54,13.78,13.615722,21831830
2018-08-30,13.75,13.83,13.5,13.68,13.516914000000002,17419023
2018-08-31,13.63,13.69,13.48,13.53,13.368701999999999,38143170
2018-09-03,13.46,13.63,13.34,13.39,13.230371,3255255
2018-09-04,13.41,13.59,13.25,13.41,13.250132999999998,30382458
2018-09-05,13.39,13.41,13.1,13.13,12.973472000000001,39253016
2018-09-06,13.2,13.35,13.05,13.07,12.914186,20210476
2018-09-07,13.05,13.2,12.87,13.17,13.012995,21840107
2018-09-10,13.22,13.22,12.9,13.11,12.953710000000001,11816668
2018-09-11,13.05,13.2,12.96,13.11,12.953710000000001,14037076
2018-09-12,13.04,13.4,13.04,13.31,13.151326000000001,31256827
2018-09-13,13.3,13.49,13.29,13.34,13.180967,34914349
2018-09-14,13.22,13.5,13.2,13.44,13.279775,18330176
2018-09-17,13.45,13.66,13.33,13.38,13.22049,13477714
2018-09-18,13.33,13.6,13.33,13.58,13.418106,16479515
2018-09-19,13.55,13.75,13.47,13.49,13.329179000000002,18686915
2018-09-20,13.52,13.67,13.42,13.48,13.319298000000002,15715432
2018-09-21,13.47,13.47,13.22,13.28,13.121682999999999,83292081
2018-09-24,13.28,13.32,13.06,13.13,12.973472000000001,18822577
2018-09-25,13.19,13.3,13.12,13.15,12.993233,11227551
2018-09-26,13.15,13.31,13.05,13.07,12.914186,15014598
2018-09-27,13.1,13.35,13.1,13.32,13.161206,17468043
2018-09-28,13.23,13.36,13.01,13.14,12.983353,18345450
2018-10-01,13.21,13.52,13.19,13.36,13.200728,18258135
2018-10-02,13.33,13.44,13.1,13.12,12.963591000000001,14672784
2018-10-03,13.12,13.22,12.95,12.99,12.835139999999999,15776125
2018-10-04,13.02,13.02,12.55,12.66,12.509074,33282030
2018-10-05,12.66,12.66,12.1,12.13,11.985393,47318532
2018-10-08,12.1,12.11,11.85,12.06,11.916227000000001,32036544
2018-10-09,12.05,12.21,11.81,12.18,12.034797,19033251
2018-10-10,12.18,12.18,11.9,11.93,11.787777,33197814
2018-10-11,11.91,12.03,11.55,11.6,11.461711,34588906
2018-10-12,11.79,11.93,11.57,11.77,11.629684,21999680
2018-10-15,11.83,12.1,11.68,11.99,11.847061,20678795
2018-10-16,12.05,12.29,11.92,12.1,11.95575,22379214
2018-10-17,12.09,12.18,11.78,11.83,11.688969,21685674
2018-10-18,11.99,11.99,11.26,11.32,11.185049000000001,48605263
2018-10-19,11.36,11.49,11.24,11.4,11.264095,38761422
2018-10-22,11.42,11.57,11.0,11.02,10.888626,33495697
2018-10-23,10.86,10.94,10.65,10.76,10.631725,45602338
2018-10-24,10.77,10.88,10.54,10.58,10.453871000000001,44017731
2018-10-25,10.69,11.28,10.33,10.42,10.295778,46097931
2018-10-26,10.38,10.38,9.85,10.24,10.117924,70208675
2018-10-29,10.11,10.41,9.5,9.76,9.643647,84132764
2018-10-30,9.76,10.3,9.64,10.12,9.999353999999999,69520630
2018-10-31,10.21,10.6,10.0,10.14,10.019116,79243439
2018-11-01,10.2,10.93,10.16,10.88,10.750295,45328710
2018-11-05,10.87,11.22,10.77,10.99,10.858983,55522463
2018-11-06,11.03,11.33,10.86,11.06,10.928149000000001,37702065
2018-11-07,11.14,11.47,11.1,11.22,11.086242,43000818
2018-11-08,11.17,11.24,10.53,10.66,10.532917,51309323
2018-11-09,10.66,10.74,10.02,10.71,10.582321,45562864
2018-11-12,10.76,10.76,10.15,10.24,10.117924,40053116
2018-11-13,10.29,10.46,10.03,10.09,9.969712,36835665
2018-11-14,10.07,10.53,10.03,10.08,9.959831,54815588
2018-11-15,10.03,10.32,9.96,10.0,9.880785000000001,41639625
2018-11-16,10.0,10.31,9.98,10.14,10.019116,47565980
2018-11-20,9.95,10.27,9.89,9.94,9.8215,35386806
2018-11-21,9.99,10.2,9.35,9.42,9.3077,71733371
2018-11-22,9.47,9.49,8.94,9.07,8.961872,17356452
2018-11-23,9.23,9.68,9.21,9.51,9.396627,28498371
2018-11-26,9.67,9.89,9.15,9.31,9.199012,60785963
2018-11-27,9.34,9.55,9.21,9.5,9.386746,49108220
2018-11-28,9.61,9.97,9.46,9.94,9.8215,59709251
2018-11-29,10.02,10.52,10.01,10.36,10.236493,57607403
2018-11-30,10.41,10.51,10.15,10.47,10.345182000000001,58340215
2018-12-03,10.62,10.81,10.3,10.47,10.345182000000001,55638369
2018-12-04,10.46,10.68,10.0,10.03,9.910427,45889968
2018-12-05,10.12,10.17,10.04,10.09,9.969712,6785790
2018-12-06,9.91,10.13,9.75,10.09,9.969712,46664802
2018-12-07,10.14,10.4,10.14,10.19,10.06852,28305068
2018-12-10,10.15,10.15,9.67,9.69,9.574481,44215549
2018-12-11,9.82,9.88,9.47,9.56,9.446032,31416291
2018-12-13,9.59,9.7,9.4,9.42,9.3077,41441460
2018-12-14,9.43,9.59,9.26,9.48,9.366984,36295373
2018-12-17,9.46,9.61,9.37,9.43,9.317581,32890640
2018-12-18,9.51,9.83,9.46,9.69,9.574481,42786126
2018-12-19,9.69,10.2,9.69,9.77,9.653527,61334192
2018-12-20,9.86,10.01,9.56,9.62,9.505316,37808403
2018-12-21,9.57,9.72,9.44,9.55,9.436150999999999,102773346
2018-12-24,9.51,9.63,9.37,9.42,9.3077,6532639
2018-12-26,9.4,9.55,9.26,9.5,9.386746,17514388
2018-12-27,9.46,9.49,9.25,9.47,9.357104,20361948
2018-12-28,9.47,9.55,9.42,9.46,9.347223,10061667
2018-12-31,9.47,9.61,9.37,9.49,9.376864999999999,17376995
