Date,Open,High,Low,Close,AdjClose,Volume
2013-12-18,461.98999,466,449,461.649994,446.755615,388237
2013-12-19,456.399994,460.480011,452.76001,456.600006,441.868561,340860
2013-12-20,455,463.200012,455,456.339996,441.616913,365775
2013-12-23,461.399994,461.399994,454.209991,458.279999,443.494354,21320
2013-12-26,461.529999,461.529999,454.01001,454.290009,439.633118,21196
2013-12-27,453.899994,462.149994,451.290009,452.549988,437.949219,202538
2013-12-30,451.75,463.98999,448.640015,450.649994,436.110504,271595
2014-01-02,444.899994,449.630005,428.299988,434.170013,420.162201,33357
2014-01-03,439.5,439.5,420.570007,424.5,410.804199,68113
2014-01-06,426.890015,435.160004,419,420.640015,407.068695,58469
2014-01-07,421,434.75,419,431.850006,417.917084,407052
2014-01-08,431.910004,433.76001,420.049988,424.23999,410.552612,405279
2014-01-09,426,426,416.089996,423.109985,409.459045,406441
2014-01-10,426.540009,432.440002,422.51001,428.559998,414.733215,455767
2014-01-13,431,431,418,424.76001,411.055817,414406
2014-01-14,428.5,428.5,415.600006,419.290009,405.762329,445494
2014-01-15,422,431.890015,421,429.829987,415.962219,496724
2014-01-16,432,440,429.339996,438.350006,424.207336,82649
2014-01-17,439,440,425.5,434.820007,420.791229,73934
2014-01-20,430,439.390015,429.220001,434.420013,420.404175,11310
2014-01-21,431.019989,438,428.970001,435.779999,421.720276,422271
2014-01-22,439,439,425.5,430.299988,416.417053,467467
2014-01-23,433,433,426,429.320007,415.468719,469542
2014-01-24,427,429.880005,415.01001,420.609985,407.039703,141919
2014-01-27,420.890015,425.579987,413.570007,417.420013,403.952667,416892
2014-01-28,417.899994,425,412.350006,417.970001,404.484863,497965
2014-01-29,414.549988,416,405.51001,411.73999,398.455872,111584
2014-01-30,411.73999,416.190002,406,414.380005,401.010742,129721
2014-01-31,409,416.600006,406.809998,408.309998,395.136536,60902
2014-02-04,409,410.029999,401.600006,407.570007,394.42041,57165
2014-02-05,410,412.01001,402.5,405.070007,392.001099,382489
2014-02-06,411,411,404.029999,406.920013,393.791382,409705
2014-02-07,409,416,401.5,402.890015,389.891388,347520
2014-02-10,402.5,402.5,396.399994,400.279999,387.365662,79542
2014-02-11,404.799988,413.98999,403.070007,412.429993,399.123627,421462
2014-02-12,412.429993,417,404,413.329987,399.994598,429211
2014-02-13,409,421.5,409,418.440002,404.939697,379652
2014-02-14,417.109985,426,413.98999,421.529999,407.929993,74318
2014-02-17,419.390015,422.890015,415,415.48999,402.084869,13395
2014-02-18,418.230011,419,412.899994,415.640015,402.230072,380987
2014-02-19,416.140015,423.25,411.970001,412.410004,399.104218,375883
2014-02-20,413.519989,413.519989,395.019989,400.100006,387.191437,228030
2014-02-21,401.98999,407.98999,398,406.100006,392.997833,304061
2014-02-24,403.589996,407.48999,400.029999,401.309998,388.362366,44013
2014-02-25,401,405.929993,386.179993,391.75,379.11084,389909
2014-02-26,391.75,399.970001,380,383.320007,370.95285,367655
2014-02-27,385.839996,387,375.149994,379.049988,366.820557,56135
2014-02-28,379,380,372.850006,378.079987,365.881836,103946
2014-03-03,376,376,362.76001,373.980011,361.914124,66294
2014-03-04,376,381,366.450012,372.100006,360.094818,64596
2014-03-05,371.679993,377.079987,370.109985,376.359985,364.217346,378796
2014-03-06,377.890015,381.149994,372.119995,378.459991,366.249603,396711
2014-03-07,378.450012,388.200012,376.440002,385.660004,373.217346,78796
2014-03-10,388.079987,395.100006,381.73999,390.339996,377.746277,65449
2014-03-11,389.420013,391.809998,379.529999,381.929993,369.607635,48125
2014-03-12,383.890015,391.369995,379.600006,386.420013,373.95282,416957
2014-03-13,388.820007,393.5,373.299988,378.100006,365.901215,449700
2014-03-14,380.529999,383.100006,377.920013,379.309998,367.072144,336205
2014-03-18,382.089996,387,373.079987,384.579987,372.17215,373883
2014-03-19,383.079987,388,375.01001,377.089996,364.923798,388975
2014-03-20,378,393,374.380005,386.200012,373.739899,68239
2014-03-21,388.709991,393.5,385.730011,387.649994,375.143097,198429
2014-03-24,391,391.190002,385.859985,389.269989,376.710785,401449
2014-03-25,389.269989,396,387.359985,393.320007,380.630188,462676
2014-03-26,390,397,387,393.48999,380.794647,312140
2014-03-27,394.519989,406.589996,392.350006,405.390015,392.310791,390979
2014-03-28,403.01001,408,401.149994,401.570007,388.614014,30391
2014-03-31,405,408,401.75,402.579987,389.5914,37301
2014-04-01,406.549988,406.549988,397.040009,402.890015,389.891388,71024
2014-04-02,405.309998,405.309998,391.75,401.679993,388.720428,95106
2014-04-03,405.98999,406,394.119995,397.820007,384.985016,408615
2014-04-04,400,404.910004,393.850006,395.480011,382.72049,410204
2014-04-07,397.549988,397.549988,385,389.850006,377.272125,443887
2014-04-08,391.48999,392.649994,381.149994,384.049988,371.659271,416121
2014-04-09,387.570007,391.5,383.51001,385.410004,372.975403,437494
2014-04-10,385.959991,389.98999,370.26001,373.75,361.691559,47149
2014-04-11,374.679993,381.799988,368,378.51001,366.298035,32238
2014-04-14,378,383.100006,373,376.450012,364.304504,423073
2014-04-15,376.01001,384.820007,367.980011,377.220001,365.049591,426245
2014-04-16,380,381.98999,369,373.859985,361.798004,378531
2014-04-21,375.980011,377.980011,369.600006,372.859985,360.830261,460017
2014-04-22,374.690002,375.5,368.970001,370.26001,358.314148,148334
2014-04-23,371,373.359985,368.200012,370.200012,358.256104,139344
2014-04-24,369.100006,372,366.100006,368.019989,356.146423,136536
2014-04-25,366.5,368.970001,355,359.480011,347.881958,265088
2014-04-28,364,370.5,359.48999,370.049988,358.110931,313928
2014-04-29,370.179993,372.48999,370,370.450012,358.498016,235914
2014-04-30,369.859985,379.679993,362.170013,375.890015,363.762543,324878
2014-05-02,374.299988,377,364.899994,365.890015,354.085175,463446
2014-05-05,366.769989,369.98999,362.730011,363.470001,351.743225,10864
2014-05-06,361.440002,374.98999,361.440002,369.230011,357.317383,302926
2014-05-07,370,374.5,370,372.559998,360.539948,74248
2014-05-08,374.589996,374.589996,365,368.109985,356.233459,62977
2014-05-09,367.01001,373,367.01001,371.540009,359.552856,473633
2014-05-12,373.899994,374.51001,367.799988,369.070007,357.162567,344673
2014-05-13,368.690002,373.540009,366.98999,369.079987,357.172211,457069
2014-05-14,370,372.230011,363.209991,367.630005,355.769012,162552
2014-05-15,368.529999,372.799988,365.029999,365.359985,353.572235,407219
2014-05-16,366.779999,366.779999,357.040009,358.609985,347.040039,450802
2014-05-19,358.019989,362.970001,352.899994,359.670013,348.065826,354482
2014-05-20,356.799988,359.660004,351,351.700012,340.352966,176173
2014-05-21,354.160004,363.5,345,348.73999,337.488464,386559
2014-05-22,351.309998,356.399994,343.410004,347.790009,336.569122,249148
2014-05-23,350,350.98999,346,346.880005,335.688507,27624
2014-05-26,348.630005,351.980011,322.570007,348.450012,337.207825,119610
2014-05-27,350,350,343.799988,346.179993,335.011047,362152
2014-05-28,348,350,334,335.970001,325.130463,456848
2014-05-29,335,341.399994,331.01001,340.730011,329.736908,159884
2014-05-30,339.899994,341,332.01001,339.820007,328.856262,316005
2014-06-02,339.799988,340.98999,332.01001,337.820007,326.920746,275474
2014-06-03,335.48999,338.149994,332,337.429993,326.543365,416311
2014-06-04,335,337.350006,333.01001,334.179993,323.398224,363064
2014-06-05,334.200012,337.01001,333.149994,336.790009,325.924042,327399
2014-06-06,338.98999,345.98999,336.790009,343.549988,332.465912,373259
2014-06-09,343.98999,348.649994,341.600006,343.23999,332.165924,390674
2014-06-10,343.029999,343.029999,337.019989,342.170013,331.130463,265019
2014-06-11,341.119995,346,339,343.089996,332.020721,277189
2014-06-12,341.359985,346.51001,341.359985,344.059998,332.959473,288452
2014-06-13,345.589996,349.519989,342.100006,349.220001,337.953003,311420
2014-06-16,350,350,342.019989,345.519989,334.372345,431412
2014-06-17,347,347.5,341.75,344.450012,333.336884,421938
2014-06-18,343.01001,349.98999,343.01001,349.399994,338.127197,398365
2014-06-19,349,352.299988,345.25,348.850006,337.59491,379278
2014-06-20,349.98999,350.980011,346.029999,349.019989,337.75943,390604
2014-06-23,346.730011,351.600006,346.01001,349.200012,337.933624,72638
2014-06-24,351.589996,351.589996,345.200012,348.190002,336.956207,471199
2014-06-25,349,349.690002,345,348.220001,336.98526,428970
2014-06-26,348.200012,349.790009,340.26001,344.820007,333.694946,279229
2014-06-27,344,344.98999,337.029999,340.109985,329.136902,126575
2014-06-30,340,346.619995,337.5,345.160004,334.023956,96847
2014-07-01,343.850006,346.48999,337,343.700012,332.611084,455713
2014-07-02,344.440002,346,339.51001,342.420013,331.372375,419784
2014-07-03,344.5,344.649994,339.820007,341.98999,330.956268,442577
2014-07-04,343.410004,345,339.619995,343.940002,332.843323,484101
2014-07-07,346,351,342.149994,343.899994,332.804596,484594
2014-07-08,344,346.779999,340.01001,341.160004,330.153046,413980
2014-07-09,344,344,335.799988,339.48999,328.536865,439478
2014-07-10,337.01001,340,335.350006,339.290009,328.343353,392476
2014-07-11,337.399994,339.279999,335.100006,338,327.094971,272595
2014-07-14,337.630005,339,335.600006,337.950012,327.04657,135109
2014-07-15,336,339.470001,334.799988,338.269989,327.356293,401774
2014-07-16,338,338,334.850006,335.350006,324.530487,26001
2014-07-17,334.799988,339.480011,334.799988,335.230011,324.414368,419078
2014-07-18,335.01001,337.76001,334.140015,335.899994,325.062744,35713
2014-07-21,335.269989,339.5,334.5,338.649994,327.72403,23511
2014-07-22,338.649994,339.630005,336.029999,337.660004,326.765961,36664
2014-07-23,339.350006,339.790009,332.179993,333.959991,323.185303,27039
2014-07-24,333,336.410004,332.5,335.559998,324.733673,19231
2014-07-25,334,336.980011,332,336.730011,325.865967,27760
2014-07-28,334.820007,338.440002,332.5,336.410004,325.556274,25077
2014-07-29,338.73999,343,335.059998,342.160004,331.120789,29351
2014-07-30,340.140015,343,340.140015,342.720001,331.66272,325502
2014-07-31,342.890015,343.5,338.01001,341.850006,330.82077,362037
2014-08-01,341,347.98999,339.940002,342.769989,331.71106,82133
2014-08-04,345.359985,346.5,337.149994,340.390015,329.407928,70551
2014-08-05,338.5,347,337.51001,345.279999,334.140106,457461
2014-08-06,346.140015,348,341.350006,346,334.836884,415958
2014-08-07,347,355,344.01001,353.730011,342.317505,435470
2014-08-08,355,355,348.5,353.119995,341.727173,52523
2014-08-11,353.119995,357,350.670013,354.829987,343.381958,27791
2014-08-12,353,358,353,357.459991,345.927124,420592
2014-08-13,357.459991,360,353.929993,357.839996,346.294861,428598
2014-08-14,358.299988,359.470001,356.029999,358.119995,346.565857,383765
2014-08-15,355.019989,359.980011,351.980011,355.519989,344.049744,71975
2014-08-18,356,358.980011,352.5,357,345.481964,71378
2014-08-19,357.859985,364.440002,353.640015,363.559998,351.830322,419145
2014-08-20,364.429993,364.549988,360.049988,364.399994,352.643219,423412
2014-08-21,362.149994,364.399994,362.100006,363.869995,352.130341,468174
2014-08-22,363.869995,367.160004,363,366.269989,354.452881,66116
2014-08-25,367.279999,369.899994,364.01001,368.209991,356.330292,45414
2014-08-26,368.209991,378.809998,367.660004,369.619995,357.694824,463318
2014-08-27,372.019989,376.600006,367.109985,372.790009,360.762543,416740
2014-08-28,371.600006,382,370.019989,381.549988,369.239899,374454
2014-08-29,381.549988,385,379,382.679993,370.333435,304984
2014-09-01,380.769989,389.48999,373.209991,381.209991,368.910858,68127
2014-09-02,379.200012,387.980011,373.540009,385.079987,372.656006,470022
2014-09-03,387.98999,387.98999,379.529999,383.790009,371.407654,40649
2014-09-04,383.089996,386.100006,379,383.130005,370.768982,414362
2014-09-05,380.959991,384.980011,379.279999,381.76001,369.443146,371310
2014-09-08,381.799988,381.799988,370.209991,380,367.739929,43872
2014-09-09,379.179993,379.179993,367.470001,375.470001,363.35611,511715
2014-09-10,375.470001,375.5,370.359985,373.320007,361.275452,480426
2014-09-11,374.98999,376.980011,371.01001,375.170013,363.065735,389455
2014-09-12,372.320007,377.309998,369.01001,374.149994,362.078644,45324
2014-09-15,376,377,372.299988,375.709991,363.588318,15680
2014-09-17,375.720001,378,370.01001,372.890015,360.859344,414160
2014-09-18,376,378.070007,371.950012,374.429993,362.34964,434220
2014-09-19,374.660004,375.269989,365.579987,369.619995,357.694824,396624
2014-09-22,369.619995,374.730011,367.269989,370.170013,358.227081,57568
2014-09-23,370.170013,384,368,378.720001,366.501221,429268
2014-09-24,376.440002,388,373.73999,385.910004,373.459229,395855
2014-09-25,385.929993,389.640015,380.899994,387.350006,374.852783,155948
2014-09-26,383.609985,386.799988,377.100006,385.470001,373.033478,213016
2014-09-29,380,384.359985,376.5,381.559998,369.249603,156495
2014-09-30,378.570007,384.899994,372.51001,377.980011,365.785095,96798
2014-10-01,376.089996,377.98999,371.01001,376.850006,364.691559,442816
2014-10-02,375.279999,379.98999,370,374.190002,362.117371,468888
2014-10-03,372.170013,383,369.350006,372.089996,360.085083,154219
2014-10-06,372.089996,375.48999,366.5,371.339996,359.359344,36546
2014-10-07,368.709991,371.970001,364.01001,369.109985,357.201263,40666
2014-10-08,368.359985,373.5,364.51001,372.190002,360.181915,427994
2014-10-09,366.019989,372.98999,366.019989,370.440002,358.488342,457260
2014-10-10,367.880005,375.98999,365,368.76001,356.862579,44784
2014-10-13,371.75,377.829987,369.980011,375.26001,363.152832,455744
2014-10-14,375.26001,376,370.019989,374.619995,362.533508,22141
2014-10-15,371.970001,376.480011,365.119995,372.600006,360.578674,449259
2014-10-16,374.459991,377.25,366,376.579987,364.430267,416621
2014-10-17,376.579987,377.029999,372,376.269989,364.130249,432106
2014-10-20,374,383.130005,373,379.73999,367.488281,22598
2014-10-21,377.350006,388.899994,377.350006,387.220001,374.726959,54899
2014-10-22,388.769989,389,377.109985,384.23999,371.843109,57869
2014-10-23,386,399.98999,382.529999,394.380005,381.655945,73255
2014-10-24,394.380005,403.73999,387,403.01001,390.007568,32334
2014-10-27,400,406.98999,392.029999,405.910004,392.813965,31594
2014-10-28,408.799988,419.98999,408.779999,417.440002,403.971985,496364
2014-10-29,419.48999,428.5,419.450012,427.890015,414.084808,450620
2014-10-30,429,448.98999,429,445.850006,431.465363,494567
2014-10-31,448,512,448,499.839996,483.71347,766477
2014-11-03,510.01001,550,486.820007,491.640015,475.778076,457640
2014-11-04,487.98999,517,485.119995,508.5,492.094086,113858
2014-11-05,515,568,515,559.359985,541.31311,550457
2014-11-06,568.5,595.01001,568,574.929993,556.380859,469376
2014-11-07,579.98999,589.039978,560.059998,585.039978,566.164551,249148
2014-11-10,587.25,603.090027,583,584.169983,565.322754,102306
2014-11-11,581,582.669983,555,577.700012,559.061462,404977
2014-11-12,580.700012,580.710022,566.159973,571.130005,552.70343,557530
2014-11-13,568.070007,574.869995,555.179993,561.559998,543.442139,341608
2014-11-14,553,567.98999,534.150024,553.97998,536.10675,403583
2014-11-18,560.599976,560.599976,536.030029,553.049988,535.206726,33036
2014-11-19,553.210022,580,542.52002,571.599976,553.158264,100310
2014-11-20,572,580.599976,567.890015,579.98999,561.277649,42480
2014-11-21,582,595,580.070007,584.789978,565.922668,79769
2014-11-24,583,585,573.099976,581.570007,562.806702,36360
2014-11-25,578.219971,580.48999,565.059998,575.909973,557.329163,360550
2014-11-26,579.98999,580,566.200012,579.950012,561.238831,374222
2014-11-27,579.969971,588,569.099976,583.059998,564.248535,21901
2014-11-28,581.059998,600,566.01001,587.179993,568.235535,389777
2014-12-01,580,587.169983,572,576.950012,558.335693,417384
2014-12-02,576.940002,576.940002,561.02002,568.710022,550.361511,231742
2014-12-03,569.98999,584,555.02002,575.799988,557.222717,149790
2014-12-04,562.51001,581.969971,562.51001,578.530029,559.864746,430348
2014-12-05,580.789978,580.789978,567.539978,575.090027,556.535706,334270
2014-12-08,565.01001,573.900024,565.01001,568.200012,549.86792,362928
2014-12-09,568.200012,573.450012,552.51001,556.780029,538.816406,417668
2014-12-10,552,568,552,558.109985,540.103455,206267
2014-12-11,552.070007,563,552.01001,561.72998,543.606689,323963
2014-12-15,558.919983,568.98999,549,551.97998,534.171265,4022
2014-12-16,554,570.599976,540.02002,557.76001,539.764771,83024
2014-12-17,561.030029,572.390015,540.51001,548.679993,530.977722,104213
2014-12-18,550,559.97998,547.900024,552.900024,535.061584,361637
2014-12-19,545.049988,553.97998,542.030029,544.090027,526.535828,219622
2014-12-22,545,558.890015,545,554.73999,536.842285,302697
2014-12-23,557.900024,580,550.049988,572.559998,554.08728,324603
2014-12-24,580,580.030029,572.72998,574.940002,556.390442,4087
2014-12-26,579.97998,580,564.52002,577.799988,559.158142,30429
2014-12-29,577.799988,583,565.049988,582.039978,563.261475,89499
2014-12-30,567.530029,589.27002,567.530029,571.52002,553.080811,167757
2014-12-31,578.960022,578.969971,560,562.929993,544.768005,10961
2015-01-02,562.929993,576,505.01001,533.059998,515.861694,127567
2015-01-05,523.23999,523.23999,488,499.559998,483.442535,418063
2015-01-06,499.559998,519.530029,475,495.589996,479.600586,266871
2015-01-07,495.519989,526.789978,486.149994,494.690002,478.729614,413644
2015-01-08,508.98999,519.900024,506.230011,509.690002,493.245667,394322
2015-01-09,518,523.900024,501.130005,518.429993,501.703705,202973
2015-01-12,524.940002,535,512,532.780029,515.590759,53123
2015-01-13,532.780029,549.98999,506.720001,518.179993,501.461761,118436
2015-01-14,515,522.299988,500,504.390015,488.116699,392153
2015-01-15,505.01001,523.719971,504.959991,519.599976,502.835876,366278
2015-01-16,519,548.98999,519,544.47998,526.913208,61228
2015-01-19,537.01001,569.900024,537.01001,559.820007,541.758301,38570
2015-01-20,563,567,559.820007,563.530029,545.348755,368945
2015-01-21,565,568,544.340027,566.869995,548.580933,379470
2015-01-22,568,584.5,565.039978,573.23999,554.745361,503555
2015-01-23,576.109985,579.98999,557.460022,567.840027,549.519592,236084
2015-01-26,566.97998,582.5,550,577.309998,558.68396,22198
2015-01-27,563,583.390015,563,579.549988,560.851807,359974
2015-01-28,573.119995,585,573.119995,583.609985,564.780701,469026
2015-01-29,580.02002,585,565.02002,576.289978,557.69696,83284
2015-01-30,563.109985,572,545,564.280029,546.074402,88880
2015-02-03,567.099976,574,544,556.450012,538.497009,62499
2015-02-04,556.409973,556.409973,540.109985,545.030029,527.445496,343847
2015-02-05,541,549.98999,540.070007,547.919983,530.242249,327595
2015-02-06,544.48999,548.710022,538.099976,541.080017,523.622925,33674
2015-02-09,543.780029,543.780029,524.530029,529.440002,512.358521,54638
2015-02-10,534.969971,542,522.940002,540,522.57782,348760
2015-02-11,529.210022,539.73999,525.099976,533.809998,516.587463,376943
2015-02-12,533.809998,547.98999,533.809998,538.450012,521.07782,369721
2015-02-13,538.450012,546.98999,530.049988,537.219971,519.887451,19964
2015-02-16,537.5,545.98999,534.98999,537.869995,520.516541,15318
2015-02-17,534.210022,538.77002,530.01001,537.669983,520.322998,47509
2015-02-18,532.690002,535,526,534.700012,517.448853,337168
2015-02-19,537.890015,544.030029,528.320007,530.840027,513.713379,374206
2015-02-20,531.140015,534,526,527.690002,510.664917,216815
2015-02-23,527.369995,533.799988,501.320007,518.98999,502.245605,75030
2015-02-24,514.320007,516.530029,505.149994,513.890015,497.310211,349853
2015-02-25,520,526.47998,507.980011,517.830017,501.123047,326314
2015-02-26,517.849976,517.849976,502.200012,511.450012,494.948914,427277
2015-02-27,506.26001,510.98999,478.850006,498.720001,482.629608,106601
2015-03-02,495,516.890015,495,507.809998,491.426331,361804
2015-03-03,516,518.98999,491.109985,494.480011,478.526428,151058
2015-03-04,494.5,498.98999,460,475.730011,460.381348,114004
2015-03-05,478.109985,478.109985,437.480011,460.450012,445.59436,121753
2015-03-06,448.769989,455.980011,426.209991,439.200012,425.029938,462601
2015-03-09,444,453.290009,430.309998,442.420013,428.146057,323963
2015-03-10,439.829987,442.359985,431.01001,440.429993,426.220245,375381
2015-03-11,435.019989,452.98999,434,438.910004,424.749298,398220
2015-03-12,432.410004,439.980011,430,435.420013,421.371857,230114
2015-03-13,433.790009,445,428,439.809998,425.62027,219506
2015-03-17,440.790009,442.73999,435.01001,439.700012,425.513824,370820
2015-03-18,435.019989,454.670013,432.040009,448.859985,434.378235,428938
2015-03-19,448.850006,448.850006,435,442.220001,427.952484,502229
2015-03-20,447,448.059998,430.109985,434.48999,420.471924,127416
2015-03-23,436.369995,436.390015,421,421.720001,408.113861,70281
2015-03-24,413.619995,425.970001,407.529999,411.48999,398.213928,420366
2015-03-25,412,418.309998,406.029999,411.25,397.98172,312961
2015-03-26,418,418,410.01001,413.899994,402.897461,328826
2015-03-27,412,415.98999,401.049988,405.339996,394.565002,46270
2015-03-30,408.98999,409.01001,400,402.410004,391.712891,41859
2015-03-31,400.600006,404.48999,390,394.540009,384.052094,91102
2015-04-01,393,396.059998,385,393.209991,382.757416,104320
2015-04-06,394,406.600006,389,405.220001,394.448181,57233
2015-04-07,407.48999,411.5,393,404.149994,393.406647,93842
2015-04-08,407.98999,408.920013,401.880005,402.709991,392.004913,104688
2015-04-09,407,407.899994,400,406.570007,395.762329,47113
2015-04-10,406.98999,408.98999,398.940002,402.429993,391.73233,27840
2015-04-13,401.970001,406.790009,394.48999,400.339996,389.697906,438609
2015-04-14,400.899994,400.899994,395.899994,399.209991,388.597961,443843
2015-04-15,396.809998,401,396,397.5,386.933411,48310
2015-04-16,397.470001,404,395,398.579987,387.98468,60065
2015-04-17,398,400.970001,390.01001,392.940002,382.494629,44629
2015-04-20,396.190002,398.98999,391.049988,392.119995,381.696411,302890
2015-04-21,390.910004,393,385,387.709991,377.403625,393124
2015-04-22,388.049988,405.320007,388.049988,404.049988,393.309296,340768
2015-04-23,402.220001,409.75,400.01001,406.549988,395.742798,302296
2015-04-24,401.369995,409.25,401,409.059998,398.186127,248357
2015-04-27,410,411.48999,407.019989,407.329987,396.502075,298188
2015-04-28,407.059998,410.880005,407.049988,408.940002,398.069275,281489
2015-04-29,408.920013,412,407,411.640015,400.69754,320629
2015-04-30,407.01001,411.5,395.799988,401.320007,390.651886,877160
2015-05-04,400,407.450012,396.5,401.709991,391.031464,136568
2015-05-05,400,408.799988,394,400.049988,389.415588,93801
2015-05-06,395.130005,402.619995,395.130005,400.820007,390.165161,345569
2015-05-07,395.200012,407.970001,395.200012,402.940002,392.22879,306391
2015-05-08,403.829987,406.730011,395.700012,401.75,391.070465,400533
2015-05-11,400,401.73999,395.01001,397.470001,386.904236,331411
2015-05-12,394,400.779999,368.470001,385.880005,375.622314,196946
2015-05-13,385,390,381.01001,389.100006,378.756714,50777
2015-05-14,392.779999,401.98999,392.779999,400.980011,390.320892,63734
2015-05-15,400.980011,404.5,393.140015,395.809998,385.28833,30969
2015-05-18,395.869995,401.98999,394.799988,397.059998,386.505096,12956
2015-05-19,397.980011,398.950012,392.890015,397.059998,386.505096,425342
2015-05-20,398.98999,398.98999,390.929993,395.820007,385.298096,326238
2015-05-21,397.799988,399.799988,396.040009,399.269989,388.656372,387123
2015-05-22,400.190002,403.019989,388.549988,397.649994,387.079407,71836
2015-05-25,390,401,390,397.350006,386.787384,357948
2015-05-26,398.799988,398.799988,387,394.059998,383.584869,393049
2015-05-27,390,394,386.040009,393.049988,382.601685,369972
2015-05-28,395,395,386.200012,392.570007,382.13446,397307
2015-05-29,386.019989,394.920013,385.200012,390.220001,379.846924,91947
2015-06-01,392.170013,392.170013,386.109985,390.929993,380.538055,28601
2015-06-02,386.01001,388.929993,376.820007,380.640015,370.521606,327808
2015-06-03,380,389.890015,373.01001,386.220001,375.953247,287642
2015-06-04,386.220001,386.220001,373.01001,382.410004,372.244537,89656
2015-06-05,382,383.890015,374.869995,382.100006,371.94278,40681
2015-06-08,382.100006,382.100006,374.109985,377.660004,367.620819,367621
2015-06-09,374,378.899994,367.209991,371.329987,361.459076,225977
2015-06-10,368,368,354,361.630005,352.016937,426280
2015-06-11,360,369.5,355.200012,363.920013,354.246063,373890
2015-06-12,361.5,363.98999,357.670013,363.649994,353.983246,93668
2015-06-15,363.48999,363.48999,356.5,360.350006,350.770966,48644
2015-06-16,360.339996,362.519989,354,356.380005,346.906525,43867
2015-06-17,354,368.049988,351.600006,365.040009,355.336273,483181
2015-06-18,360.850006,366.869995,358.01001,362.029999,352.406311,431481
2015-06-19,361,364.149994,355.51001,358.649994,349.116119,281594
2015-06-22,360,363.799988,356,360.880005,351.286865,357329
2015-06-23,361.799988,364.859985,356.23999,362.48999,352.854065,331759
2015-06-24,363.700012,369,361.200012,363.880005,354.207123,414117
2015-06-25,365,371.279999,362.019989,364.570007,354.878784,47199
2015-06-26,362,369.850006,360.109985,363.070007,353.41861,334768
2015-06-29,362,362.100006,348,354,344.589752,297515
2015-06-30,352.230011,356.630005,344.049988,350.559998,341.24118,277855
2015-07-01,350,355.98999,347.98999,351.950012,342.594269,96157
2015-07-02,354,354,346.019989,350.179993,340.871277,863963
2015-07-03,348.98999,360,348.01001,354.959991,345.5242,340392
2015-07-06,348.01001,361.299988,346.01001,357.359985,347.860413,103548
2015-07-07,358.579987,373.440002,351.959991,366.070007,356.338928,38663
2015-07-08,363.420013,369.390015,360.01001,364.01001,354.333679,350976
2015-07-09,367.019989,368,356.75,360.630005,351.043488,331305
2015-07-10,363.5,364.049988,357.429993,361.01001,351.413422,85257
2015-07-13,360.980011,363,350.209991,356.029999,346.565796,81658
2015-07-14,352.950012,357.98999,352,355.839996,346.380829,366669
2015-07-15,355.859985,357.959991,350.540009,354.660004,345.232239,333165
2015-07-16,356,357.98999,353.01001,356.309998,346.838379,318102
2015-07-17,357.5,358.600006,357.019989,357.23999,347.743652,343512
2015-07-20,356.5,358.5,353.450012,353.980011,344.570282,23500
2015-07-21,354.98999,366,351,357.470001,347.967529,333182
2015-07-22,361.75,361.75,350,354,344.589752,451512
2015-07-23,352,360.600006,351.01001,360.029999,350.459473,337376
2015-07-24,360.589996,360.589996,351.040009,357.070007,347.578156,101881
2015-07-27,356.98999,356.98999,350.290009,354.880005,345.446381,32496
2015-07-28,355.799988,355.799988,351,354.579987,345.154327,389437
2015-07-29,355.600006,357.470001,350.980011,354.649994,345.222473,368444
2015-07-30,351.51001,353,349.01001,352.329987,342.964142,57426
2015-07-31,354.76001,356.980011,347.019989,351.369995,342.029633,79987
2015-08-03,351.369995,351.98999,348,350.309998,340.997864,24995
2015-08-04,350.290009,350.899994,339,346.709991,337.49353,537877
2015-08-05,342,346.350006,337,343.899994,334.75824,198380
2015-08-06,341,344,329,334.529999,325.637329,336382
2015-08-07,330.049988,336.51001,325.01001,331.25,322.444489,274559
2015-08-10,329.5,330.26001,320,326.429993,317.752625,95628
2015-08-11,320.399994,321.959991,310.01001,318.220001,309.760864,154456
2015-08-12,315,319.799988,301.149994,305.140015,297.028595,306014
2015-08-13,304.170013,308.140015,283.01001,287.100006,279.468109,137150
2015-08-14,284.5,288,261,283.75,276.207153,281354
2015-08-17,283,290,281.980011,285.140015,277.560242,313383
2015-08-18,285.98999,298.799988,281.01001,292.179993,284.413055,310722
2015-08-19,295.880005,295.880005,290.380005,293.179993,285.386536,312364
2015-08-20,290.339996,296,278.029999,286.589996,278.97168,302641
2015-08-21,285.899994,285.899994,267.899994,280.589996,273.131165,104211
2015-08-24,279.970001,282.839996,265,278.679993,271.271942,461037
2015-08-25,277,287.119995,276.570007,285.070007,277.492096,145650
2015-08-26,284.600006,292.98999,282,291.019989,283.283905,249541
2015-08-27,293.5,298.880005,278,293.160004,285.367035,107538
2015-08-28,291.899994,294.799988,282,286.049988,278.446045,474016
2015-08-31,287.880005,294.369995,280.049988,291.109985,283.371521,131810
2015-09-01,289.700012,289.700012,277.549988,283.98999,276.440796,129595
2015-09-02,290,290,278.019989,282.779999,275.263,34642
2015-09-03,282.76001,285.049988,280,281.450012,273.968353,348689
2015-09-04,281.5,283.899994,277.25,280,272.556854,287696
2015-09-07,277.019989,283.790009,277,283.380005,275.847015,13595
2015-09-08,284,286.980011,279.140015,285.869995,278.270844,302520
2015-09-09,285.899994,288.890015,279.75,280.579987,273.12146,315258
2015-09-10,280.529999,283.790009,278.5,280.149994,272.702881,364049
2015-09-11,280.179993,284.209991,279.040009,282.160004,274.659454,301618
2015-09-14,280.369995,283.98999,273.160004,276.290009,268.945496,268563
2015-09-15,278.959991,278.959991,272.209991,275.839996,268.507446,129882
2015-09-17,276,279.790009,270.350006,275.809998,268.478241,164776
2015-09-18,272.029999,279.950012,272,276.640015,269.286224,408063
2015-09-21,278.76001,279.600006,276.230011,278.079987,270.687897,511618
2015-09-22,277.5,277.5,274.01001,275.75,268.41983,304277
2015-09-23,279.980011,279.980011,271.320007,276.040009,268.702148,599904
2015-09-24,270.779999,285,270.779999,276.109985,268.770294,190999
2015-09-25,273.519989,283,273.519989,280.829987,273.364777,338014
2015-09-28,273.970001,280.98999,273.970001,277.209991,269.841034,260211
2015-09-29,277.209991,279.980011,277.209991,279.709991,272.274536,94296
2015-09-30,279.899994,292.970001,275.029999,290.420013,282.69986,164639
2015-10-01,292,292,282.529999,288.390015,280.723877,381006
2015-10-02,291.970001,291.970001,282,287.399994,279.760162,232521
2015-10-05,284.399994,289.98999,283.049988,288.339996,280.675201,364401
2015-10-06,288.339996,289.440002,284.5,288.970001,281.288422,311868
2015-10-07,290,291.98999,285.019989,290.570007,282.845886,519635
2015-10-08,286.019989,297.899994,286.019989,295.26001,287.411194,374236
2015-10-09,295,327.98999,294.98999,326.339996,317.665009,277098
2015-10-12,329,345.5,327,339,329.988525,193567
2015-10-13,342.890015,342.890015,319.26001,328.880005,320.137512,261733
2015-10-14,328.880005,329,311.23999,323.690002,315.085449,186482
2015-10-15,317.01001,330.5,317.01001,322.529999,313.956299,196580
2015-10-16,317.549988,325.73999,315.01001,320.48999,311.970551,382079
2015-10-19,320.51001,325.790009,311.149994,315.230011,306.850342,239403
2015-10-20,312.01001,319.390015,308.920013,310.420013,302.168213,121840
2015-10-21,312,313,305,306.640015,298.488739,164614
2015-10-22,309.980011,322,306.649994,315.480011,307.093719,51061
2015-10-23,311,325.820007,311,324.049988,315.435883,84493
2015-10-26,322.23999,328.25,313.019989,325.730011,317.071259,347997
2015-10-27,321.160004,328,316.149994,324.899994,316.263336,155078
2015-10-28,316.209991,326.549988,313.070007,325.019989,316.380066,118820
2015-10-29,325,329.75,317.51001,320.75,312.223633,34542
2015-10-30,325,331.48999,317.019989,329.040009,320.293274,451707
2015-11-03,326.140015,344,322.48999,340.269989,331.224731,283215
2015-11-04,341.559998,356.98999,341.559998,350.950012,341.620819,409308
2015-11-05,350.51001,359.970001,350.130005,352.339996,342.973877,286028
2015-11-06,355,358.600006,350,356.890015,347.402924,472644
2015-11-09,356.950012,356.950012,348.01001,353.820007,344.414551,443074
2015-11-10,353.320007,353.73999,339,343.359985,334.232605,288121
2015-11-11,349.98999,349.98999,340.019989,347.350006,338.116547,481845
2015-11-12,356.920013,366,348.649994,359.700012,350.138245,332512
2015-11-13,359.700012,363,348.100006,362.019989,352.396545,209210
2015-11-17,363.549988,366.299988,357.5,359.649994,350.089539,56415
2015-11-18,358,358,348.100006,354.459991,345.037506,81088
2015-11-19,357,365,349.850006,350.820007,341.494263,26756
2015-11-20,349,358.98999,349,356.609985,347.130341,35166
2015-11-23,359,359,353.040009,357,347.509979,366188
2015-11-24,358,359.029999,354.649994,358.720001,349.184265,413908
2015-11-25,358.700012,362.029999,356.01001,357.470001,347.967529,629205
2015-11-26,357.450012,362.440002,357.429993,358.48999,348.960388,109215
2015-11-27,358.470001,362.230011,352,357.76001,348.249786,148811
2015-11-30,357,361.600006,354.179993,355.940002,346.47821,858422
2015-12-01,350.410004,366,350.410004,356.690002,347.208252,683614
2015-12-02,359.450012,359.450012,340.209991,347.440002,338.204132,595777
2015-12-03,342.589996,345.980011,332.019989,340.839996,331.779541,487939
2015-12-04,340.820007,360.549988,337.040009,339.040009,330.027435,1072583
2015-12-07,335.660004,343.98999,335.649994,338.040009,329.054016,298718
2015-12-08,335.5,342.290009,334.649994,337.700012,328.723053,549227
2015-12-09,337,339.970001,334.320007,334.779999,325.880676,623067
2015-12-10,334.5,334.579987,331.429993,331.859985,323.038269,491577
2015-12-11,329.850006,339.089996,325,328.970001,320.225128,638995
2015-12-14,329,345,325.690002,338.170013,329.180573,492895
2015-12-15,339.25,400.600006,336.519989,357.98999,348.473633,384947
2015-12-16,358.059998,370.149994,358.059998,366.609985,356.864532,640730
2015-12-17,367.320007,378.869995,362.950012,370.890015,361.030762,645352
2015-12-18,371.450012,375,367.179993,367.929993,358.149475,592570
2015-12-21,373,373,362.019989,363.950012,354.275238,507808
2015-12-22,363.399994,371.720001,361.070007,364.75,355.053986,534682
2015-12-23,377.970001,383,365.029999,376.559998,366.550018,608815
2015-12-24,381.720001,385,375,378.970001,368.895996,25894
2015-12-28,378.910004,378.98999,366.019989,369.600006,359.775085,360680
2015-12-29,381,381,364.630005,367.119995,357.360992,48268
2015-12-30,379.119995,379.119995,364,370.309998,360.466187,65920
2015-12-31,376,381,364.01001,379.040009,368.964111,265224
2016-01-04,376.98999,376.98999,358.130005,368.420013,358.626434,67241
2016-01-05,369.98999,371.859985,353.100006,357.299988,347.802032,92661
2016-01-06,357.279999,357.279999,335,342.660004,333.551178,147376
2016-01-07,337.049988,345.5,327.51001,334.149994,325.267426,158780
2016-01-08,334.149994,335,301.339996,329.600006,320.838348,227196
2016-01-11,325,348,320.570007,342.029999,332.937958,195919
2016-01-12,340.309998,343.98999,331.73999,339.279999,330.261047,243581
2016-01-13,349.459991,349.459991,320.01001,334.839996,325.939056,385821
2016-01-14,331.549988,334.820007,326.619995,330.790009,321.996735,234135
2016-01-15,326.5,355,315.51001,346.679993,337.464325,280969
2016-01-18,350,350,339.019989,347.070007,337.843964,5156
2016-01-19,356.100006,356.100006,335,338.23999,329.248688,261746
2016-01-20,338.200012,338.200012,318,329.070007,320.322449,312524
2016-01-21,345.51001,350,345.51001,350,340.696075,3000
2016-01-22,335,343.109985,331.070007,339.070007,330.056641,286692
2016-01-25,337.309998,344.950012,329.01001,341.850006,332.762726,317919
2016-01-26,336.570007,345.299988,336.570007,344.109985,334.962616,470962
2016-01-27,338.950012,343.890015,333,338,329.015076,328968
2016-01-28,338,345.98999,332.01001,342.019989,332.928192,95807
2016-01-29,339.899994,349.98999,336.890015,341.019989,331.954803,64234
2016-02-02,341.410004,345.410004,327.01001,341.160004,332.091095,77385
2016-02-03,348.98999,358.230011,340.019989,346.940002,337.717438,74550
2016-02-04,347.5,354,341.73999,342.829987,333.716675,270707
2016-02-05,341.73999,347.230011,341.73999,341.98999,332.899017,272813
2016-02-08,342.100006,342.51001,336.859985,341.019989,331.954803,340885
2016-02-09,330,341.940002,330,338.140015,329.151367,459909
2016-02-10,343.399994,360,337.200012,349.059998,339.781036,430173
2016-02-11,349,352.190002,343.820007,344.279999,335.128143,417088
2016-02-12,340.380005,354.950012,339.119995,339.290009,330.270844,498986
2016-02-15,339.51001,346.98999,339.5,344.959991,335.79007,37882
2016-02-16,345.200012,350,339.779999,339.809998,330.776947,35004
2016-02-17,344,357.799988,343.899994,351.700012,342.350891,387398
2016-02-18,357,357,344.660004,345,335.82901,387844
2016-02-19,345,349.850006,341,341.690002,332.606964,39212
2016-02-22,343,346.98999,334.940002,335.899994,326.970886,342959
2016-02-23,335.200012,337.109985,325.01001,335.450012,326.532867,271192
2016-02-24,333.76001,337.200012,325.209991,335.51001,326.591278,153250
2016-02-25,335.519989,339.769989,334.109985,338.839996,329.832764,42933
2016-02-26,332,346.369995,327.269989,334.600006,325.705475,71265
2016-02-29,329.5,338.950012,327,334.570007,325.676239,50982
2016-03-01,337,337.410004,329,329.799988,321.033051,509582
2016-03-02,329,333.980011,325.549988,327.200012,318.502167,544744
2016-03-03,327.200012,329.98999,323.450012,325.730011,317.071259,431591
2016-03-04,324.98999,331.98999,322.5,328.209991,319.485321,629783
2016-03-07,328.519989,337,328.519989,333.149994,324.294006,472580
2016-03-08,332,343.100006,328.76001,331.950012,323.125916,59156
2016-03-09,330.290009,335.880005,325.26001,328.859985,320.118042,393624
2016-03-10,334.5,334.5,308.51001,316.230011,307.823792,1130655
2016-03-11,316.230011,325,313,319.23999,310.753754,396798
2016-03-14,317,325,315.079987,317.579987,309.137878,89907
2016-03-15,315.200012,335.329987,315.190002,333.630005,324.761261,77190
2016-03-16,334,334.940002,330.040009,333.73999,324.868286,394678
2016-03-17,333,346,330.459991,343.220001,336.617859,413809
2016-03-18,344.950012,371.559998,338.070007,338.859985,332.341705,192782
2016-03-22,339.399994,345,337.01001,339.209991,332.684998,39815
2016-03-23,342.51001,347,339.209991,344.679993,338.049774,56441
2016-03-28,345,350,340,343.320007,336.715973,22339
2016-03-29,342.040009,346,339.890015,340.019989,333.479401,38505
2016-03-30,347,347,339.209991,340.779999,334.224792,56046
2016-03-31,341,344,337.369995,337.640015,331.145233,57455
2016-04-01,337.809998,342.98999,334.320007,336.220001,329.752533,50917
2016-04-04,336,344.5,336,340.890015,334.332703,366039
2016-04-05,336.579987,339.179993,334.070007,334.089996,327.663483,406230
2016-04-06,334.070007,339.98999,329.970001,332.75,326.349274,445493
2016-04-07,328,332.73999,321.100006,326.160004,319.886047,423273
2016-04-08,328.48999,329.890015,317,320.23999,314.079895,544705
2016-04-11,320.23999,324.98999,315.100006,316.950012,310.853241,322809
2016-04-12,317.200012,320.579987,314,318.660004,312.530334,326048
2016-04-13,318.660004,322.98999,318,319.559998,313.412994,322006
2016-04-14,319.570007,323.980011,317.25,321.609985,315.423584,386525
2016-04-15,321.609985,323.899994,319.51001,321.100006,314.92337,45336
2016-04-18,318.25,323,318.25,321.440002,315.256836,187220
2016-04-19,323.799988,329.029999,320.049988,320.869995,314.697784,491791
2016-04-20,321.720001,323.450012,318,321.040009,314.864563,388449
2016-04-21,317.070007,325.5,317.059998,321.049988,314.874329,413850
2016-04-22,319,323.059998,318.51001,322.410004,316.208191,340334
2016-04-25,319.209991,324.5,317.5,321.51001,315.3255,63507
2016-04-26,322.950012,329.320007,321.519989,325.51001,319.248566,349668
2016-04-27,325.48999,326,320.01001,323.579987,317.355652,381104
2016-04-28,324.070007,329,318.5,324.079987,317.846039,283026
2016-04-29,325.149994,326.5,318.600006,323.51001,317.287018,306244
2016-05-02,325,325,316.959991,320.01001,313.85434,397355
2016-05-03,318.01001,323.5,310,312.119995,306.116089,564112
2016-05-04,312.140015,313.5,306.040009,312.089996,306.08667,469625
2016-05-05,310.01001,314.980011,306.100006,310.230011,304.262482,144707
2016-05-06,307.75,308.600006,300.01001,304.519989,298.662292,96869
2016-05-09,302.98999,304.380005,292,300.100006,294.327332,73731
2016-05-10,300.100006,306,293.600006,302.390015,296.573273,65836
2016-05-11,300,306,296.5,301.140015,295.347351,34665
2016-05-12,302.899994,303.980011,296.48999,298.570007,292.826782,41900
2016-05-13,298.5,301.970001,296.100006,299.160004,293.405396,30079
2016-05-16,300.98999,300.98999,290.049988,294.700012,289.031189,65332
2016-05-17,290.609985,296.869995,290.209991,293.450012,287.805267,227710
2016-05-18,292.399994,298.5,290.5,294.899994,289.227356,34173
2016-05-19,294.059998,296.350006,290,292.200012,286.579315,53575
2016-05-20,292.619995,295,285.619995,290.380005,284.794312,217583
2016-05-23,286.5,305,282.51001,290.290009,284.706024,487287
2016-05-24,290.25,296,290.23999,294.700012,289.031189,243292
2016-05-25,295.200012,297,287,289.339996,283.774292,276859
2016-05-26,291.98999,292,286,291.160004,285.559296,199207
2016-05-27,292.390015,295,289.799988,291.399994,285.794647,193754
2016-05-30,291,294.980011,289.890015,293.320007,287.677734,28602
2016-05-31,293.190002,293.339996,284.809998,287.700012,282.165863,115057
2016-06-01,289.859985,289.859985,277.799988,279.98999,274.604156,298907
2016-06-02,279.980011,281.98999,275.230011,279.109985,273.741089,146888
2016-06-03,277.609985,284.950012,277,280.690002,275.29068,261098
2016-06-06,284.5,287,282.609985,285.100006,279.615845,56558
2016-06-07,285.910004,285.910004,280.049988,283.160004,277.713165,101827
2016-06-08,286,286.5,277.609985,279.390015,274.015717,288813
2016-06-09,279,285,276.01001,281.369995,275.957611,286426
2016-06-10,279.019989,281.26001,276.019989,277.839996,272.495514,47132
2016-06-13,276.01001,278,266.5,270.480011,265.277069,265425
2016-06-14,269.200012,275.5,262.549988,269.429993,264.247284,240180
2016-06-15,269.5,270.390015,262,267.730011,262.580017,90172
2016-06-16,266.48999,266.48999,261.369995,262.549988,257.499603,213488
2016-06-17,264.410004,272,262.109985,266.290009,261.167694,510206
2016-06-20,269,272,264.799988,269.649994,264.463074,262488
2016-06-21,263.179993,268.899994,261.549988,265.820007,260.706757,92508
2016-06-22,265.790009,266,262.019989,265.079987,259.980927,286918
2016-06-23,268.440002,268.440002,263.019989,263.970001,258.892303,34578
2016-06-24,260,268,255.229996,264.890015,259.794617,316184
2016-06-27,261.549988,264.899994,250.110001,256.450012,251.516983,84567
2016-06-28,257.970001,260,252.009995,258.850006,253.870819,67449
2016-06-29,263.839996,263.839996,254.270004,257.350006,252.399658,350995
2016-06-30,261.48999,262.549988,254.259995,255.669998,250.751984,43358
2016-07-01,254.029999,257.549988,251.009995,256.029999,251.105057,23539
2016-07-04,256.029999,259.790009,256,257.730011,252.772354,28177
2016-07-05,257,257,250,253.800003,248.917953,493661
2016-07-06,252.300003,256.5,249,253.960007,249.074875,513431
2016-07-07,252.080002,254.869995,246.009995,253.580002,248.702164,394388
2016-07-08,253.899994,255,249.009995,254.350006,249.457382,148425
2016-07-11,250.029999,254.449997,250.029999,251.509995,246.671982,468311
2016-07-12,254.940002,254.940002,247.75,252.820007,247.956818,538135
2016-07-13,252.520004,254.399994,248.110001,252.360001,247.505646,599306
2016-07-14,253.619995,254.5,248.5,250.990005,246.162003,527916
2016-07-15,252,252,247.5,250.389999,245.573547,65177
2016-07-18,250.410004,254.080002,249,253.449997,248.574677,456272
2016-07-19,252,253.869995,249.5,252.339996,247.486038,438708
2016-07-20,252.5,254,251.320007,253.970001,249.084671,30291
2016-07-21,254,268,254,264.049988,258.970795,64751
2016-07-22,268,288.869995,268,286.359985,280.851624,177426
2016-07-25,290,299.480011,268.019989,278.679993,273.319366,412090
2016-07-26,278.019989,279.01001,267.570007,274.73999,269.455139,653180
2016-07-27,276.290009,276.600006,270.5,272.320007,267.081696,496973
2016-07-28,273,274.200012,265.559998,272.429993,267.189575,549862
2016-07-29,271.01001,277.25,270.109985,277.01001,271.681488,306241
2016-08-01,280,280,272.5,275.440002,270.141693,247465
2016-08-02,274,277.73999,268.01001,274.339996,269.062836,80371
2016-08-03,273,276,270.51001,273.48999,268.229187,574852
2016-08-04,273.25,274.5,269.5,273.619995,268.356689,288670
2016-08-05,271.600006,274.609985,270.519989,273.769989,268.503784,31197
2016-08-08,274.450012,274.98999,271,273.880005,268.611694,287585
2016-08-09,273.880005,274.899994,272.019989,274.160004,268.886322,29612
2016-08-10,275,275,270,274.01001,268.739227,259328
2016-08-11,274,275,270.799988,273.619995,268.356689,321921
2016-08-12,271.700012,274.980011,270,272.329987,267.091492,168319
2016-08-15,272,274.019989,270.299988,273.769989,268.503784,209260
2016-08-16,270.630005,273.880005,270.01001,272.190002,266.954193,485156
2016-08-17,270,272.350006,266.01001,271.399994,266.179382,322333
2016-08-18,271,272.75,266.769989,271.279999,266.061737,509771
2016-08-19,270.98999,272,269,271.119995,265.904785,474935
2016-08-22,272.700012,272.700012,269.040009,270.600006,265.394806,34806
2016-08-23,272.799988,272.799988,265.029999,267.429993,262.285767,550593
2016-08-24,265.049988,271,263.519989,267.200012,262.060181,482184
2016-08-25,267.200012,269.440002,264.339996,267.589996,262.442688,483441
2016-08-26,267.589996,269.980011,265,267.079987,261.942505,459568
2016-08-29,268.940002,268.940002,260.049988,262.51001,257.460388,510709
2016-08-30,262.980011,266.48999,261,265.959991,260.844025,272497
2016-08-31,265,266.48999,261.609985,264.290009,259.206177,68627
2016-09-01,264.290009,266.299988,253.110001,258.390015,253.419678,214652
2016-09-02,257.980011,264.190002,256.429993,257.700012,252.74292,342022
2016-09-05,256.399994,261.690002,256.399994,261.190002,256.165771,94376
2016-09-06,259.570007,261.179993,255,257.130005,252.183884,130738
2016-09-07,256.179993,258,252.75,256.179993,251.252167,66981
2016-09-08,255.970001,257.799988,251.419998,254.070007,249.182755,352871
2016-09-09,253.149994,257.790009,251.300003,253.380005,248.506012,438366
2016-09-12,250.070007,259,250.070007,256.179993,251.252167,81082
2016-09-13,253.619995,260,250.009995,252.619995,247.76062,363590
2016-09-14,250.199997,253,245.240005,248.630005,243.847397,412609
2016-09-15,245.009995,250.490005,240.009995,242.639999,237.97261,333377
2016-09-19,240.580002,252,240.580002,247.759995,242.994125,79299
2016-09-20,248.990005,249.720001,241.660004,244.889999,240.179337,454570
2016-09-21,246.149994,248.490005,243.009995,246,241.267975,405862
2016-09-22,247.990005,253,242.110001,251.229996,246.397369,107714
2016-09-23,248,256.220001,248,255.619995,250.702927,379372
2016-09-26,255.619995,256.910004,250.020004,254.380005,249.486786,371991
2016-09-27,254.449997,255,250.009995,251.509995,246.671982,423873
2016-09-28,250.009995,252.809998,249.5,252.059998,247.211426,372036
2016-09-29,249.009995,252.880005,247.899994,250.639999,245.818726,55524
2016-09-30,250.25,251.910004,249.149994,251.080002,246.250259,69378
2016-10-03,248.009995,249.669998,242.850006,245.660004,240.934525,88246
2016-10-04,245,247.639999,243.110001,246.059998,241.326828,94918
2016-10-05,245.690002,250.050003,243.899994,248.660004,243.876816,74669
2016-10-06,247.800003,252.850006,246.800003,250.979996,246.152176,67584
2016-10-07,249.720001,252,247.820007,251.050003,246.220856,39770
2016-10-10,248.020004,255.380005,248.020004,252.600006,247.741028,46281
2016-10-11,254,256.73999,250.619995,252.119995,247.270248,353894
2016-10-12,253.800003,255.789993,252,253.5,248.623718,329867
2016-10-13,252.690002,255.490005,252.100006,254.669998,249.77121,329293
2016-10-14,255.949997,257.5,252.059998,256.320007,251.389465,329809
2016-10-17,257.549988,257.600006,254.440002,256.429993,251.49736,13186
2016-10-18,256.929993,258.700012,256.420013,258.019989,253.056763,346235
2016-10-19,259,264.929993,255.509995,263.25,258.186157,317074
2016-10-20,263.25,266.959991,262.48999,263.549988,258.480347,353753
2016-10-21,262.850006,262.850006,258.910004,261.059998,256.038269,267995
2016-10-24,262,268.690002,262,264.679993,259.588654,31627
2016-10-25,265.799988,266.890015,263.100006,265.690002,260.579254,329269
2016-10-26,263.140015,267.5,263.029999,265.459991,260.353638,321440
2016-10-27,266,266.440002,262.019989,264.790009,259.696533,54542
2016-10-28,265.5,268,261.230011,264.480011,259.392517,131955
2016-10-31,261.25,265.200012,259.450012,263.540009,258.470612,64519
2016-11-01,263.579987,266.5,253.009995,263.859985,258.784393,153963
2016-11-03,261.480011,263.98999,260.019989,262.320007,257.274078,34520
2016-11-04,263.98999,263.98999,258,261.359985,256.33252,325272
2016-11-07,263.799988,266.600006,261.350006,266.420013,261.295197,370653
2016-11-08,265.049988,265.25,262.25,264.220001,259.137482,325949
2016-11-09,259.899994,266.700012,253.470001,262.829987,257.774231,483875
2016-11-10,261,261,241.5,255.75,250.830429,176093
2016-11-11,247.009995,260,246.029999,255.830002,250.90889,143148
2016-11-14,248.300003,256.5,248.300003,255.979996,251.056015,480931
2016-11-15,255.990005,260,252,255.710007,250.791199,21151
2016-11-16,253,257.48999,248.789993,251.410004,246.573914,106912
2016-11-17,251.429993,253.199997,249.880005,250.639999,245.818726,28173
2016-11-18,250.679993,252.990005,244.5,250.710007,245.88739,362858
2016-11-22,250,251.789993,240.199997,249.929993,245.122375,525110
2016-11-23,249.889999,250.880005,245.570007,249.190002,244.396622,50830
2016-11-24,249.990005,250,245.619995,248.869995,244.082779,314632
2016-11-25,250.979996,254,247.550003,251.300003,246.466034,365371
2016-11-28,253.479996,254.490005,251,253.429993,248.555054,338220
2016-11-29,250,254.979996,250,253.220001,248.349106,410137
2016-11-30,254.990005,257,253.220001,256.059998,251.13446,131776
2016-12-01,254.100006,257.799988,252.139999,254.160004,249.271027,92548
2016-12-02,254.320007,256.73999,252.5,254.360001,249.467178,31201
2016-12-05,253.059998,257,247.149994,251.320007,246.485657,291296
2016-12-06,251.550003,254.449997,247.759995,251.690002,246.848526,59546
2016-12-07,250.899994,252.550003,246.580002,248.130005,243.35701,27396
2016-12-08,249,249.960007,246.550003,247.759995,242.994125,339380
2016-12-09,247.5,254.229996,247.5,253.110001,248.241211,1069645
2016-12-13,253.679993,262.040009,251.660004,260.670013,255.655838,382148
2016-12-14,260.690002,261.850006,256.26001,259.730011,254.733887,30803
2016-12-15,256.559998,261.209991,253.020004,260.390015,255.381195,665051
2016-12-16,259.799988,261.899994,255.160004,259.630005,254.635803,746018
2016-12-19,259.640015,261.600006,255.509995,259.26001,254.272934,397835
2016-12-20,257.959991,260.019989,253.5,259.820007,254.822159,56085
2016-12-21,258,259.600006,251.490005,258.559998,253.586365,75326
2016-12-22,258.5,265.890015,253.300003,259.809998,254.812332,117692
2016-12-23,261.5,261.720001,255.270004,259.339996,254.351379,54353
2016-12-26,258.790009,261,255.800003,260.459991,255.449844,17757
2016-12-27,260.929993,261.76001,255,260.170013,255.165421,99085
2016-12-28,256.290009,265,256.279999,262.279999,257.234833,282227
2016-12-29,260,264.450012,258.079987,262.799988,257.744781,53466
2016-12-30,260.100006,264,258.200012,263.390015,258.323486,94557
2017-01-02,260,264,259.109985,263.390015,258.323486,20165
2017-01-03,263.350006,267.450012,263.350006,265.429993,260.324219,51990
2017-01-04,262.5,267.450012,262.5,266.480011,261.354065,62337
2017-01-05,264,271.98999,262.26001,268,262.844788,426738
2017-01-06,266.5,268,265.01001,267.410004,262.266144,381757
2017-01-09,267,268.700012,262.529999,266.579987,261.452118,91498
2017-01-10,262.829987,269,262.26001,264.609985,259.519989,122539
2017-01-11,262.160004,268.299988,258.970001,265.329987,260.226135,432004
2017-01-12,264,266.899994,261.019989,264.720001,259.627869,539769
2017-01-13,266.470001,266.470001,260.109985,263.429993,258.362701,77476
2017-01-16,263.630005,266,261.25,263.440002,258.372498,78473
2017-01-17,262.25,267,260,263.149994,258.088074,416707
2017-01-18,260,264.5,259.5,263.130005,258.068481,359155
2017-01-19,260.51001,265.98999,260.299988,263.209991,258.146912,342444
2017-01-20,263.25,266,260.76001,265.140015,260.039825,371834
2017-01-23,266.5,268.98999,263.01001,268.369995,263.207672,309788
2017-01-24,266.5,268.529999,263.549988,266.390015,261.265747,424056
2017-01-25,266,273,264.5,270.089996,264.894562,385896
2017-01-26,273,274,264.019989,273.720001,268.454742,391936
2017-01-27,272.630005,275.799988,268.519989,273.720001,268.454742,41458
2017-01-30,273.48999,274.26001,268.130005,272.429993,267.189575,130405
2017-01-31,272,273.799988,268.410004,270.369995,265.16922,50497
2017-02-01,272,273.899994,265,269.48999,264.306122,75080
2017-02-02,271.25,274,267.329987,271.410004,266.189178,29895
2017-02-03,274,276.040009,268.019989,272.179993,266.944397,194152
2017-02-07,273.950012,273.950012,268.350006,270.23999,265.041718,151065
2017-02-08,270,272.850006,267.329987,270.850006,265.639984,61356
2017-02-09,269.100006,271.980011,267.350006,269.51001,264.325775,50040
2017-02-10,268.5,271.5,267.51001,269.859985,264.669006,28716
2017-02-13,271.480011,271.480011,267.5,269.480011,264.296326,42085
2017-02-14,269.51001,269.51001,265.359985,267.459991,262.315155,53255
2017-02-15,265,267.299988,263.049988,266.799988,261.667877,372070
2017-02-16,266.299988,267.899994,263.51001,267.390015,262.246552,420822
2017-02-17,265.119995,272,263,269.179993,264.002106,307938
2017-02-20,268,273.049988,264.100006,272.440002,267.199402,357936
2017-02-21,270.51001,273.100006,267.019989,271.540009,266.316681,338988
2017-02-22,273.399994,281.980011,273.399994,279.519989,274.143188,329729
2017-02-23,279.940002,288.220001,276.109985,284.480011,279.007782,315852
2017-02-24,284.480011,288,280.26001,287.070007,281.547974,252726
2017-02-27,285.630005,290.679993,285.630005,290.109985,284.52948,254400
2017-02-28,289,301.709991,287.540009,291.850006,286.236053,301255
2017-03-01,291.799988,299,291.410004,293.700012,288.050446,303778
2017-03-02,298,298,290,293.970001,288.315277,100695
2017-03-03,294,297.880005,292.339996,297.5,291.777344,43228
2017-03-06,294.149994,302.970001,294.149994,301.23999,295.445404,366106
2017-03-07,298.200012,308.089996,298.200012,307.079987,301.173035,386561
2017-03-08,306,309.440002,304.48999,307.51001,301.594788,40921
2017-03-09,305.519989,309.890015,301.119995,308.519989,302.585358,424963
2017-03-10,308.519989,314.019989,306.859985,309,303.056122,365884
2017-03-13,307.5,314.970001,307.5,313.5,307.469574,268361
2017-03-14,313.51001,325,313.109985,321.049988,314.874329,423642
2017-03-15,320.600006,336.269989,320.600006,334.640015,328.202942,475724
2017-03-16,334,343.950012,331.519989,339.690002,333.155792,81325
2017-03-17,335,374,335,371.369995,364.226379,586631
2017-03-21,375,381,369,370.859985,363.726166,484769
2017-03-22,369,378.619995,368.059998,374.350006,367.149048,112195
2017-03-23,370,386.73999,369.109985,384.029999,376.642853,56608
2017-03-24,380,395.019989,380,394.470001,390.132904,81676
2017-03-27,394.470001,400,386.5,393.480011,389.153778,126829
2017-03-28,391,409.070007,391,406.890015,402.416351,68517
2017-03-29,406.01001,412.720001,404,409.480011,404.977875,83468
2017-03-30,409.5,442.850006,404.76001,430.940002,426.201935,65768
2017-03-31,430,449,419.109985,443.350006,438.475464,131100
2017-04-03,450,460,448,454.820007,449.819366,388116
2017-04-04,455,465,453.579987,459.480011,454.428131,115990
2017-04-05,458.429993,498,458.429993,487.679993,482.318054,130340
2017-04-06,490.200012,498,480.119995,496.23999,490.783936,268405
2017-04-07,496.200012,570.070007,495.059998,565.02002,558.8078,316956
2017-04-10,569,684.900024,555.5,632.840027,625.88208,414387
2017-04-11,632.900024,714.98999,632.900024,701.320007,693.609131,237455
2017-04-12,703.02002,815,703.02002,801.570007,792.756897,514686
2017-04-17,805,925,803,809,800.105225,269795
2017-04-18,800,800,561,614.710022,607.951416,255174
2017-04-19,611,699,583.969971,626.200012,619.315063,169594
2017-04-20,630,640,545,585.380005,578.943848,214109
2017-04-21,585,630,564,605.609985,598.951477,107253
2017-04-24,615,628.950012,586,593.309998,586.786682,85776
2017-04-25,606.880005,613.01001,585.02002,588.880005,582.405457,93810
2017-04-26,586.5,593,570.099976,578.039978,571.68457,158869
2017-04-27,579.900024,608.090027,579.059998,586.780029,580.328491,93398
2017-04-28,587,633.25,587,622.419983,615.576599,105786
2017-05-02,640,700,623.98999,667.27002,659.933533,149369
2017-05-03,690.080017,716.530029,625,652.609985,645.434692,109919
2017-05-04,658.98999,658.98999,630.02002,639.340027,632.310669,78301
2017-05-05,648.890015,654,636.5,641.700012,634.644653,53126
2017-05-08,641.700012,688,636.5,661.570007,654.296143,239359
2017-05-09,661,712,657.630005,693.030029,685.410339,211797
2017-05-10,700.150024,736,696.549988,699.840027,692.145447,283446
2017-05-11,709.48999,710,690.01001,705.690002,697.931091,259978
2017-05-12,707,718.570007,670,697.969971,690.295959,55445
2017-05-15,691.799988,708.98999,676.099976,683.409973,675.895996,246512
2017-05-16,692,701,642.01001,689.51001,681.929016,302839
2017-05-17,704.690002,704.690002,657.01001,672.049988,664.66095,166366
2017-05-18,653,679.890015,653,663.599976,656.303833,85098
2017-05-19,665,673,620,632.299988,625.348022,260337
2017-05-22,631,640,610.809998,637.030029,630.026062,217333
2017-05-23,644,644,622.099976,635.23999,628.255676,75005
2017-05-24,640,640,625,630.969971,624.032593,216272
2017-05-25,637,677,621.119995,671.159973,663.780762,301085
2017-05-26,669.890015,716,669.840027,688.809998,681.236694,310522
2017-05-29,690.01001,744,686,710.409973,702.599182,419950
2017-05-30,719.47998,769,719.47998,734.27002,726.196899,185095
2017-05-31,744,776.630005,734.380005,767.48999,759.051636,112389
2017-06-01,770,808.799988,768.059998,774.419983,765.905396,281686
2017-06-02,779,790,735.01001,756.369995,748.053894,142231
2017-06-05,753,764.570007,744.549988,757.450012,749.122009,64605
2017-06-06,758,776.98999,745.590027,770.070007,761.603271,104881
2017-06-07,775,797.299988,771.02002,792.859985,784.142639,143983
2017-06-08,795.590027,810,790,801.73999,792.925049,117483
2017-06-09,803,857.880005,800,844.679993,835.392944,128456
2017-06-12,845.01001,888.97998,844.01001,872.51001,862.916992,150067
2017-06-13,890.890015,890.900024,863.969971,866.380005,856.85437,100809
2017-06-14,864,878,855.5,864.219971,854.718018,94541
2017-06-15,870.099976,874.5,835,849.219971,839.882996,183392
2017-06-16,847,864.210022,729.190002,761.76001,753.384644,938103
2017-06-19,765,779.98999,720.01001,729.469971,721.449585,378959
2017-06-20,729,729.01001,699,713.299988,705.457397,106922
2017-06-21,713,758,707.01001,748.080017,739.855042,206422
2017-06-22,748.080017,784.98999,748.080017,775.559998,767.032837,54448
2017-06-23,781.049988,796,752.25,758.309998,749.972534,79675
2017-06-26,745,778.900024,745,755.039978,746.738464,62743
2017-06-27,755.5,772,741,750.27002,742.020996,51649
2017-06-28,750.630005,756,723.02002,747.950012,739.72644,147173
2017-06-29,748.299988,757.5,733,751.419983,743.158264,66375
2017-06-30,752,768,749.919983,762.640015,754.254944,70914
2017-07-03,761,775,750.219971,758.299988,749.962646,33860
2017-07-04,755,757.5,745,755.679993,747.37146,12333
2017-07-05,754,784,743,774.460022,765.945007,32212
2017-07-06,773.900024,799.5,769.900024,789.140015,780.463562,173974
2017-07-07,788.900024,795.73999,775,784.409973,775.785583,146591
2017-07-10,777.099976,820,777,811.119995,802.201904,201070
2017-07-11,810.289978,828,786,793.369995,784.647095,215165
2017-07-12,791.049988,816.97998,791.049988,810.419983,801.509583,162219
2017-07-13,817,842.02002,805,830.72998,821.596313,134693
2017-07-14,831.51001,848,777,796.840027,788.078918,92006
2017-07-17,796.840027,804.929993,790.059998,802.940002,794.111816,72540
2017-07-18,802.799988,820,802.159973,814.809998,805.851379,146591
2017-07-19,820,821.5,801.159973,815.150024,806.187622,128676
2017-07-20,815.02002,835,806.109985,819.820007,810.806274,11705
2017-07-21,829,846.98999,812.22998,817.609985,808.620544,129742
2017-07-24,813.52002,819,800.76001,812.679993,803.744751,125009
2017-07-25,812.539978,816.98999,792,797.559998,788.790955,45182
2017-07-26,806.98999,830.780029,799.98999,817.049988,808.066711,60625
2017-07-27,817.049988,833,812.960022,826.02002,816.93811,39916
2017-07-28,823.01001,823.01001,803.51001,809.75,800.846985,25774
2017-07-31,809.75,812.950012,789.909973,795.299988,786.555847,48602
2017-08-01,793.799988,804.780029,782,784.960022,776.32959,28786
2017-08-02,784.159973,789.969971,759.289978,780.409973,771.829529,35823
2017-08-03,789,813.570007,770,812.340027,803.408569,36809
2017-08-04,810,839,810,832.890015,823.732544,31427
2017-08-07,832.900024,840,810,815.619995,806.652405,31599
2017-08-08,816,824.890015,795.900024,799.72998,790.937134,105493
2017-08-09,796,803,790,792.619995,783.905334,95799
2017-08-10,800,802.900024,788.090027,799.840027,791.045959,29807
2017-08-11,807,807.01001,795,803.349976,794.517334,8189
2017-08-14,801,825.27002,795,817.469971,808.482056,28396
2017-08-15,817,817.169983,791.099976,802.299988,793.478882,27212
2017-08-16,792.359985,805.98999,788.049988,791.01001,782.312988,23327
2017-08-17,792.200012,800.5,776.049988,780.330017,771.750488,64688
2017-08-18,786,790,761,784.289978,775.66687,90511
2017-08-21,788,788,766.150024,770.419983,761.949402,27729
2017-08-22,768.440002,785.73999,761,784.179993,775.558105,63625
2017-08-23,776.080017,784.179993,770,776.75,768.209778,22113
2017-08-24,778.690002,783,770,776.130005,767.596619,16319
2017-08-25,780,781,770,773.130005,764.629639,7351
2017-08-28,770.039978,777.48999,762.059998,766.840027,758.408813,15199
2017-08-29,764.98999,789.900024,762.900024,784.369995,775.746033,66109
2017-08-30,783.929993,785,761.929993,766.609985,758.181274,22786
2017-08-31,770,788.01001,761.01001,779.22998,770.662537,96009
2017-09-01,783.169983,785,769.419983,782.859985,774.252563,57836
2017-09-04,780,780,768.02002,773.630005,765.124084,7773
2017-09-05,771.419983,778.080017,761.01001,763.830017,755.431885,103450
2017-09-06,764.97998,772,744.02002,751.390015,743.128662,114251
2017-09-07,754,760,738,746.900024,738.687988,48426
2017-09-08,749.940002,749.98999,716.919983,729.700012,721.677124,70610
2017-09-11,728.900024,777.01001,725,760.73999,752.375854,93488
2017-09-12,767.98999,767.98999,753.01001,754.830017,746.530823,81941
2017-09-13,750.969971,785,750.969971,778.799988,770.237244,115679
2017-09-14,774.98999,783.849976,770.049988,776.469971,767.932861,167979
2017-09-15,783,831,776,823.440002,814.386414,317254
2017-09-18,819.320007,822.97998,802.48999,811.609985,802.686462,27599
2017-09-19,813,813,791.25,804.97998,796.129395,100555
2017-09-20,807,821.5,794.97998,815.960022,806.988708,148042
2017-09-21,807.01001,820.98999,799.140015,807.169983,798.295288,46020
2017-09-22,808.969971,819.609985,804.099976,812.73999,803.804077,29846
2017-09-25,810,816.929993,802.01001,808.530029,799.640442,12289
2017-09-26,811,840.799988,803.080017,828.690002,819.578735,107395
2017-09-27,815,845,815,830.280029,821.151245,142735
2017-09-28,821,835,816.450012,819.27002,810.262329,146908
2017-09-29,829,829,815.5,823.51001,814.455688,150177
2017-10-02,824,838,818.969971,837.289978,828.084167,33350
2017-10-03,837.289978,837.289978,820.960022,823.72998,814.673218,134135
2017-10-04,823.72998,829.77002,799.27002,818.690002,809.688721,124179
2017-10-05,822.780029,824.5,799.059998,800.98999,792.183289,36109
2017-10-06,807.900024,807.900024,777,787.690002,779.029541,112010
2017-10-09,786.98999,791.51001,776,779.700012,771.12738,185584
2017-10-10,783.940002,789.700012,762.02002,768.809998,760.357056,305257
2017-10-11,774.400024,794.929993,766.099976,781.48999,772.897644,417030
2017-10-12,789.98999,805,774.059998,779.97998,771.404297,128526
2017-10-13,779.97998,803.070007,775.01001,802.47998,793.65686,235165
2017-10-16,802.400024,803,785.200012,789.890015,781.205322,116213
2017-10-17,790,852.539978,786.070007,808.599976,799.709595,177884
2017-10-18,810,824.969971,800,815.280029,806.316223,139180
2017-10-19,818,820.02002,805.039978,817.419983,808.432678,123319
2017-10-20,812,821.48999,805,805.840027,796.97998,15278
2017-10-23,802.01001,809.98999,796.5,801.469971,792.657959,159998
2017-10-24,805.900024,809,789,800.820007,792.015137,142103
2017-10-25,800.630005,808.5,790,793.76001,785.032776,141960
2017-10-26,794.599976,804.75,781.5,782.869995,774.262512,130020
2017-10-27,785.940002,790.869995,773.01001,778.099976,769.544922,265560
2017-10-30,777,783,770,772.210022,763.719788,426203
2017-10-31,772.210022,796.960022,760,768.900024,760.446106,437777
2017-11-01,769.01001,828,769.01001,808.72998,799.838196,445027
2017-11-03,810.119995,833.359985,798,830.109985,820.983093,450199
2017-11-06,828.099976,830.109985,801.159973,812.450012,803.517273,410001
2017-11-07,812.450012,822,808,812.580017,803.645874,26020
2017-11-08,819,819,801.080017,804.25,795.407471,23749
2017-11-09,800,810,800,807.52002,798.641541,32750
2017-11-10,801.030029,817.159973,799.159973,812.309998,803.378845,23091
2017-11-13,816,824,805,808.76001,799.867859,41950
2017-11-14,805,814.559998,797.049988,803.409973,794.57666,226256
2017-11-15,801,808.940002,790.01001,795.25,786.506348,165172
2017-11-16,803,808,792,796.400024,787.643799,9309
2017-11-17,805,806,797.01001,803.289978,794.457947,21856
2017-11-21,812,813,795.710022,810.619995,801.707397,121157
2017-11-22,808.599976,813,797.099976,802.070007,793.251465,112118
2017-11-23,800,806.5,796.01001,796.960022,788.197632,3832
2017-11-24,799.98999,808,797,800.599976,791.797607,4352
2017-11-27,799.5,806,780,790.169983,781.482239,112368
2017-11-28,794,801.320007,786.099976,791.890015,783.18335,121261
2017-11-29,797,800,790,795.940002,787.188843,26959
2017-11-30,801.900024,801.900024,786.27002,794.669983,785.9328,43825
2017-12-01,786.01001,811.98999,781.210022,785.039978,776.40863,60389
2017-12-04,790,790,768.700012,773.75,765.242798,24783
2017-12-05,780,780,755.099976,760.02002,751.663757,126982
2017-12-06,765.599976,769,730,744.02002,735.839661,216396
2017-12-07,744.48999,757,716.5,722.789978,714.843079,50457
2017-12-08,726,730,710,714.909973,707.049683,34655
2017-12-11,717,729,710,714.030029,706.179443,23491
2017-12-13,722.97998,722.97998,690.01001,707.820007,700.037659,81338
2017-12-14,708.130005,715.5,696.01001,706.039978,698.277222,48467
2017-12-15,707.140015,716.98999,695,701.950012,694.232239,185897
2017-12-18,709,714.97998,698.150024,700.969971,693.262939,52658
2017-12-19,704.469971,713.330017,698.530029,706.080017,698.316833,25775
2017-12-20,700.119995,710.900024,700.109985,708.429993,700.64093,346132
2017-12-21,704.159973,714.51001,701.599976,708.51001,700.720093,129920
2017-12-22,701.599976,710.98999,690.01001,702.130005,694.410278,26909
2017-12-26,702,707,692.049988,700.630005,692.926758,25347
2017-12-27,693.559998,703.01001,693,702.47998,694.756348,16725
2017-12-28,698.969971,704.98999,695.059998,703,695.27063,26897
2017-12-29,703,706.969971,688.049988,700.599976,692.897034,141907
2018-01-02,699.97998,707,693.059998,702.72998,695.003601,71973
2018-01-03,701.01001,701.97998,696.059998,700.76001,693.055298,36136
2018-01-04,695.51001,717.52002,695.51001,703.690002,695.953125,44402
2018-01-05,703.690002,712,698.51001,702.940002,695.211365,24508
2018-01-08,713.98999,713.98999,695.26001,700,692.30365,44624
2018-01-09,700.27002,707,688.049988,692.109985,684.500366,54814
2018-01-10,692.109985,692.109985,662,666.799988,659.468689,69901
2018-01-11,666.659973,685,650.049988,665.719971,658.400513,110908
2018-01-12,665.719971,674.960022,660,665.130005,657.817078,42822
2018-01-15,668.840027,672,656.099976,658.679993,651.437988,10977
2018-01-16,660,674,660,673.950012,666.540039,50239
2018-01-17,677.969971,678,661.109985,667.409973,660.07196,43347
2018-01-18,670.98999,670.98999,661.01001,661.630005,654.35553,15159
2018-01-19,666.5,674,659.799988,671.630005,664.245544,187775
2018-01-22,671.539978,674.200012,666.200012,671.109985,663.731262,27081
2018-01-23,674.5,678,666.01001,674.909973,667.489502,192211
2018-01-24,675,683,666,677.849976,670.397156,202751
2018-01-25,680,680,660.02002,663.98999,656.689575,168034
2018-01-26,673.799988,680,661.559998,676.409973,668.973022,150630
2018-01-29,676.409973,688,672.01001,680.820007,673.334534,14713
2018-01-30,679.97998,685,672.23999,676.630005,669.190552,21547
2018-01-31,684.969971,684.97998,666.030029,672.390015,664.997192,29567
2018-02-01,678,690.01001,671,684.22998,676.707031,51622
2018-02-02,673,687.419983,673,680.289978,672.810364,12093
2018-02-06,668.01001,689.950012,660.01001,679.5,672.029053,40789
2018-02-07,670.299988,679.969971,654.570007,662.27002,654.988525,53580
2018-02-08,668.789978,668.869995,625.099976,641.380005,634.328186,80109
2018-02-09,635,653.97998,618.01001,622,615.161255,371138
2018-02-12,604.049988,627.51001,598.01001,605.580017,598.921814,184486
2018-02-13,612.169983,612.169983,576.210022,604.299988,597.655884,183331
2018-02-14,590.099976,630.48999,590.099976,627.669983,620.76886,181725
2018-02-15,630,634.48999,615.159973,626.440002,619.552429,201700
2018-02-16,620.320007,665,616.440002,645.349976,638.254517,30440
2018-02-19,652,664.400024,652,656.73999,649.519287,5449
2018-02-20,654.090027,655,625.919983,636.590027,629.59082,27273
2018-02-21,632.200012,644.900024,618,623.22998,616.377686,236840
2018-02-22,629,629,611.659973,615.23999,608.475525,38961
2018-02-23,615.23999,628.73999,608.440002,625.450012,618.573303,29558
2018-02-26,621,629.47998,603.01001,606.640015,599.970093,103118
2018-02-27,604.98999,610.5,573.340027,589.190002,582.711975,178421
2018-02-28,599,600,550,554.77002,548.67041,79832
2018-03-01,551,560,540.5,548,541.974854,38239
2018-03-02,542.22998,565.849976,541.119995,564.02002,557.818726,52267
2018-03-05,564.940002,572.820007,547.940002,556.450012,550.33197,45728
2018-03-06,564.969971,564.969971,521.969971,531.929993,526.081543,121620
2018-03-07,517,531.280029,510.940002,516.719971,511.038757,30443
2018-03-08,510,534.869995,502,526.409973,520.622192,63179
2018-03-09,534.890015,535,515,519.419983,513.709106,47137
2018-03-12,524.98999,533.900024,519.02002,529.719971,523.895813,51667
2018-03-13,531.679993,535,522.02002,532.369995,526.516724,123160
2018-03-14,532.5,532.5,525.109985,529.26001,523.440857,123910
2018-03-15,533.789978,533.840027,507.079987,510.119995,504.511353,61149
2018-03-16,510.140015,519.440002,510.049988,512.150024,506.519043,200430
2018-03-20,517.700012,524.789978,510.049988,514.429993,508.773987,259459
2018-03-21,515.409973,526,510,521.159973,515.429932,193089
2018-03-22,519.369995,527.099976,510.570007,515.280029,509.614655,193199
2018-03-23,515,521,510,511.619995,509.455292,43634
2018-03-26,511.619995,524,502.309998,519.26001,517.062988,50187
2018-03-27,519.400024,520.02002,505.589996,512.27002,510.10257,68694
2018-03-28,510.309998,516.5,505.049988,510.079987,507.921783,134242
2018-04-02,515,516,505.040009,510.119995,507.961639,33705
2018-04-03,512.460022,527,511,512.030029,509.863586,32876
2018-04-04,516,520.630005,510.01001,518.929993,516.734375,213411
2018-04-05,524.789978,535,515.650024,521.320007,519.114258,221657
2018-04-06,524.630005,526.72998,511.100006,514.419983,512.243408,267372
2018-04-09,514.419983,524,495.98999,510.230011,508.071167,235288
2018-04-10,510.01001,523.700012,508.529999,510.26001,508.101044,99432
2018-04-11,513.98999,518.400024,505.799988,510.609985,508.449554,294127
2018-04-12,513,513,506,510.149994,507.991486,218393
2018-04-13,514,525,506.649994,522.309998,520.100037,127350
2018-04-16,522.330017,526.869995,511.48999,516.099976,513.916321,47429
2018-04-17,519,530,515.869995,523.969971,521.752991,38085
2018-04-18,526,535.299988,518.059998,529.710022,527.46875,211057
2018-04-19,535,535,515,515.72998,513.547852,34467
2018-04-20,522.48999,524,512,519.909973,517.710205,52725
2018-04-23,522,522,510,510.109985,507.95166,16661
2018-04-24,516.97998,517,497.799988,510.230011,508.071167,45179
2018-04-25,504,511.980011,495.149994,510.369995,508.210571,273495
2018-04-26,503.01001,514.960022,497.200012,510.049988,507.891907,280515
2018-04-27,505.019989,515,502,510.160004,508.001465,326408
2018-04-30,508.890015,514.969971,503.170013,510.01001,507.852112,225953
2018-05-02,504.200012,510.399994,495.149994,510,507.842133,302054
2018-05-03,505.579987,513,502.109985,510.790009,508.628815,373179
2018-05-04,513,513,502.5,510.019989,507.862061,399713
2018-05-07,511,514,503.029999,510.160004,508.001465,275717
2018-05-08,505.01001,525,505.01001,513.47998,511.307404,438364
2018-05-09,514,514,505.790009,510.230011,508.071167,438403
2018-05-10,512.559998,518.98999,509.980011,517.599976,515.409973,306208
2018-05-11,519.48999,521.73999,505.51001,519.52002,517.321899,254959
2018-05-14,519.51001,529.950012,517.210022,524.719971,522.499817,208006
2018-05-15,520,520,507.100006,510.01001,507.852112,254497
2018-05-16,510.01001,516.98999,502.700012,510.109985,507.95166,253450
2018-05-17,506.950012,511.079987,491.01001,510.040009,507.881989,178923
2018-05-18,507.98999,511.100006,502.049988,510.200012,508.041321,172302
2018-05-21,515,515,505.01001,510.140015,507.981567,24572
2018-05-22,513,513,502.070007,509.929993,507.77243,172958
2018-05-23,509.929993,512,505.049988,510.429993,508.270325,283821
2018-05-24,505.559998,512.349976,505.559998,510.079987,507.921783,261569
2018-05-25,511.350006,514.700012,505.51001,510.540009,508.379852,355312
2018-05-28,507.839996,514.929993,507.839996,510.339996,508.180695,193307
2018-05-29,507.040009,510.890015,507.040009,507.850006,505.701233,169888
2018-05-30,507.01001,514.98999,507.01001,510.149994,507.991486,246477
2018-05-31,507.799988,512.98999,506,509.899994,507.742554,284459
2018-06-01,511.26001,514.690002,507.5,510.119995,507.961639,230798
2018-06-04,508.190002,512.190002,507.51001,510.910004,508.748291,207693
2018-06-05,508.160004,515.929993,508.160004,514.25,512.074158,169588
2018-06-06,514.98999,526.5,514.609985,521.719971,519.512512,16459
2018-06-07,519,533.97998,514.700012,533.080017,530.824524,17120
2018-06-08,530,540.179993,523.409973,536.150024,533.881531,16899
2018-06-11,535.5,546,515.049988,517.210022,515.021667,59373
2018-06-12,515,529.900024,513,523.059998,520.846863,35940
2018-06-13,525.559998,555,517.25,528.840027,526.602478,51946
2018-06-14,537.190002,537.190002,514.400024,517.48999,515.300415,53177
2018-06-15,520.289978,528.289978,506.049988,512.619995,510.45105,336486
2018-06-18,511,524.5,509.059998,517.200012,515.011719,43420
2018-06-19,517.200012,519.52002,505.059998,511.670013,509.505096,308070
2018-06-20,514.450012,516.289978,508.040009,514.359985,512.183655,223121
2018-06-21,510.01001,517.890015,507.100006,510.429993,508.270325,105583
2018-06-22,510.850006,513.5,507.01001,510.070007,507.911865,235538
2018-06-25,513,529.849976,510.079987,527.419983,525.188416,218239
2018-06-26,535,570,528,533.840027,531.581299,225009
2018-06-27,536.580017,540,521.159973,524.679993,522.460022,221347
2018-06-28,527.849976,575,521.849976,542.330017,540.035339,250721
2018-06-29,541.090027,558.98999,536,541.77002,539.477722,228104
2018-07-02,540,541.940002,509.98999,515,512.820984,275094
2018-07-03,516.590027,521.98999,511.5,520.030029,517.829712,183110
2018-07-04,512.130005,534,512.130005,530.179993,527.936768,7184
2018-07-05,526.820007,550,526.820007,547.530029,545.213379,29151
2018-07-06,543.5,588,531,539.549988,537.26709,82547
2018-07-09,542.280029,546.840027,537.25,542.419983,540.124939,31202
2018-07-10,544.630005,575.900024,542.02002,574.200012,571.770508,28758
2018-07-11,568,627.98999,567.900024,603.450012,600.896729,51126
2018-07-12,610,647,610,619.570007,616.948547,62863
2018-07-13,624,624,600.98999,607.409973,604.839966,210883
2018-07-16,609.98999,627.409973,581.289978,586.820007,584.337097,234672
2018-07-17,589.98999,605.48999,571,594.02002,591.506653,227652
2018-07-18,593.349976,627,593.349976,623.609985,620.971436,236593
2018-07-19,625,625,605.5,611.349976,608.763306,93440
2018-07-20,614.5,625,592.549988,619.619995,616.998352,194182
2018-07-23,622,641.400024,622,635.780029,633.089966,176235
2018-07-24,639,648,610.01001,622.52002,619.886108,29474
2018-07-25,622.52002,646,622.52002,641.27002,638.556763,227488
2018-07-26,641.27002,648,627.200012,638.820007,636.117126,208469
2018-07-27,643.98999,702.98999,640.030029,684.130005,681.235413,50052
2018-07-30,686,725,671,713.73999,710.720093,172506
2018-07-31,714.169983,720.599976,676.02002,686.659973,683.754639,327713
2018-08-01,700.5,700.5,675.75,684.169983,681.275208,29903
2018-08-02,679,709,672,694.72998,691.790527,227488
2018-08-03,683.440002,722.690002,683.440002,704.97998,701.997131,226259
2018-08-06,706.98999,712,695.049988,700.580017,697.615784,208089
2018-08-07,705,719.98999,704.059998,708.830017,705.830872,249433
2018-08-08,707.440002,784,705,750.090027,746.916321,263109
2018-08-09,751.960022,769,751.960022,764.659973,761.424622,247454
2018-08-10,748.929993,794.98999,727.289978,783.23999,779.926025,288759
2018-08-13,780.01001,789.960022,759.75,785.869995,782.544922,335759
2018-08-14,789.450012,800.039978,782,793.780029,790.421448,260015
2018-08-15,785.049988,800,785.039978,796.469971,793.100037,213829
2018-08-16,795,803.900024,786,800.090027,796.704773,243116
2018-08-17,801.47998,878.030029,790.01001,866.27002,862.604736,324248
2018-08-20,868.880005,895.01001,866.280029,886.869995,883.117554,326214
2018-08-21,890,905,879.969971,899.869995,896.062561,289365
2018-08-22,904.940002,938,897,930.380005,926.443481,97743
2018-08-23,937,950,910.059998,947.289978,943.281921,67830
2018-08-24,950.01001,973,935,950.830017,946.806946,21820
2018-08-27,963,979.01001,935,962.150024,958.079102,321781
2018-08-28,957.340027,966.099976,904,920.440002,916.545532,304410
2018-08-29,915.820007,922,831.98999,875.880005,872.174072,271984
2018-08-30,876,880.48999,846,859.140015,855.504883,25558
2018-08-31,843,950,842.960022,897.799988,894.001282,320216
2018-09-03,914.700012,939,901,915.419983,911.546753,263752
2018-09-04,931,931,865.150024,872.98999,869.296265,311874
2018-09-05,874,889.859985,835,862.710022,859.059814,290657
2018-09-06,870,872,834,851.76001,848.156128,288186
2018-09-07,841,858.400024,814,820.950012,817.476501,280950
2018-09-10,833.799988,867.02002,821.01001,850.919983,847.319641,265880
2018-09-11,840.01001,874.75,839.960022,860.869995,857.2276,217847
2018-09-12,853.530029,868.48999,821.599976,824.98999,821.49939,227176
2018-09-13,829.090027,859.98999,823.099976,830.419983,826.906372,52395
2018-09-14,832.48999,846.5,828.530029,840.210022,836.655029,238932
2018-09-17,848,848.98999,804.650024,824.909973,821.419678,299553
2018-09-18,830,837.469971,808.5,818,814.53894,290777
2018-09-19,825.97998,832.049988,818.809998,822.98999,819.507813,20786
2018-09-20,828.98999,829,810,825.859985,822.365723,181969
2018-09-21,818.01001,829.359985,799,815.530029,812.079468,518545
2018-09-24,811.450012,824.140015,802,817.22998,813.772217,142552
2018-09-25,817.559998,830,807.080017,826.5,823.002991,202590
2018-09-26,824.409973,835.789978,811.02002,831.27002,827.752808,214899
2018-09-27,831.26001,845.130005,817.599976,842.849976,839.283813,366978
2018-09-28,835,856.549988,822.01001,853.419983,849.809082,290614
2018-10-01,853.400024,862,823.710022,836.630005,833.090149,59938
2018-10-02,829.5,850,826,843.099976,839.532715,10033
2018-10-03,850,850.969971,833.039978,848.869995,845.27832,310923
2018-10-04,840,859.5,836,850.809998,847.210144,250364
2018-10-05,840.890015,850,825.51001,830.01001,826.498169,285131
2018-10-08,834.159973,840,812.099976,830.369995,826.856628,26445
2018-10-09,825.77002,827.97998,810.059998,821.299988,817.825012,31324
2018-10-10,818.840027,818.840027,810,813.960022,810.516052,255742
2018-10-11,810,810,752,802.150024,798.756042,43251
2018-10-12,802.150024,804.799988,770,783.840027,780.523499,63399
2018-10-15,781,790.349976,765.390015,777.559998,774.270081,16788
2018-10-16,769,780.98999,764,776.669983,773.383789,10258
2018-10-17,770,780,770,776.909973,773.622803,13825
2018-10-18,763.210022,780,763.210022,778.73999,775.445068,30062
2018-10-19,781,781,744,753.960022,750.769958,18580
2018-10-22,755.830017,779.98999,745.5,766.450012,763.207092,18732
2018-10-23,750,804,750,782.98999,779.677063,55318
2018-10-24,786.179993,810.01001,771,784.119995,780.802307,64856
2018-10-25,773,796.960022,773,789.599976,786.259094,8332
2018-10-26,775.059998,801.859985,773.22998,799.349976,795.967834,12407
2018-10-29,800.289978,809.97998,780.219971,803.27002,799.871338,52009
2018-10-30,790,879.98999,780,857.130005,853.503418,91192
2018-10-31,855.950012,877,850,859.76001,856.122253,113744
2018-11-01,859.98999,878.97998,840.049988,870.080017,866.398621,36069
2018-11-05,848.599976,973,848.599976,957.820007,953.767395,144909
2018-11-06,951.400024,998.98999,917,972.400024,968.285706,79071
2018-11-07,967.530029,990.01001,941,978.75,974.608826,53701
2018-11-08,969,969,914.02002,921.23999,917.342163,64021
2018-11-09,902.059998,969,896,928.869995,924.93988,83075
2018-11-12,934.190002,934.190002,883.349976,893.690002,889.908691,26865
2018-11-13,884,895.950012,850.01001,879.210022,875.48999,54759
2018-11-14,889.97998,895.030029,837,866.409973,862.74408,64658
2018-11-15,852,865,842,850.320007,846.722229,73757
2018-11-16,850,865,826.469971,850.200012,846.602722,28052
2018-11-20,850.01001,855,791,844.849976,841.27533,160667
2018-11-21,847,856,817,838.099976,834.553894,85578
2018-11-22,838.900024,895.919983,834.320007,867.049988,863.381409,39771
2018-11-23,874.98999,874.98999,834,866.580017,862.913452,11056
2018-11-26,879,915,847,860.049988,856.411011,65358
2018-11-27,875,875.01001,823.48999,862.039978,858.392578,95811
2018-11-28,858,911,828.98999,904.25,900.424011,84420
2018-11-29,890,933.330017,852.049988,922.909973,919.005066,70770
2018-11-30,920.01001,977,880.02002,915,911.12854,50307
2018-12-03,925,970.039978,883.080017,915.609985,911.735962,74058
2018-12-04,898.02002,910,871,901.73999,897.924622,130706
2018-12-05,901.73999,909,881,898.309998,894.509155,64426
2018-12-06,897.890015,913.909973,871.51001,897.030029,893.234619,76498
2018-12-07,885.080017,898.400024,879.530029,890.349976,886.582825,32411
2018-12-10,890,918.48999,875.099976,884.080017,880.339417,24695
2018-12-11,887,893,848.700012,873.719971,870.023193,33064
2018-12-13,858,892,843.01001,882.030029,878.298096,110831
2018-12-14,882.030029,893.72998,851.950012,881.640015,877.909729,43101
2018-12-17,881.640015,893,862.909973,880.77002,877.043396,18402
2018-12-18,863.109985,891.950012,857,882.340027,878.60675,81807
2018-12-19,867.5,925.01001,867.02002,882.309998,878.576843,59814
2018-12-20,889.890015,899.590027,870.47998,891.76001,887.986877,65589
2018-12-21,894.98999,951.320007,873,936.530029,932.567505,135276
2018-12-24,935.039978,970,935.039978,956.590027,952.542603,3169
2018-12-26,961.369995,969.97998,930,947.559998,943.550781,10401
2018-12-27,949.900024,979,947.030029,957.27002,953.219727,16262
2018-12-28,950.25,957,933.51001,951.890015,947.862488,10535
2018-12-31,965,965,895,951.929993,947.902283,27234
2019-01-02,958,960,916.98999,956.619995,952.572449,40603
2019-01-03,962.76001,962.76001,936,951.72998,947.703125,23674
2019-01-04,942.090027,969.849976,942.080017,965.429993,961.345154,11312
2019-01-07,967.940002,1020,963,1002.330017,998.08905,31914
2019-01-08,1012.460022,1040.01001,997.01001,1025.030029,1020.693054,42770
2019-01-09,1020,1033,982.51001,1002.919983,998.676514,50889
2019-01-10,1005.419983,1011.789978,975.01001,987.48999,983.311829,54402
2019-01-11,995,1014.950012,990.01001,992.820007,988.619263,7658
2019-01-14,1000,1014.469971,981.01001,992.940002,988.73877,20201
2019-01-15,995.419983,1079.98999,985,1059.060059,1054.579102,94354
2019-01-16,1042,1100,1038.01001,1068.439941,1063.919312,73378
2019-01-17,1068.530029,1101.98999,1041,1062.219971,1057.725586,95522
2019-01-18,1067,1084.98999,1041,1055.709961,1051.243164,57379
2019-01-21,1043.01001,1080.01001,1043.01001,1049.829956,1045.388062,32522
2019-01-22,1049.98999,1104.01001,1029,1074.400024,1069.854126,56992
2019-01-23,1073,1078.98999,1032,1066.030029,1061.519531,50006
2019-01-24,1072.189941,1088,1034.01001,1072.930054,1068.390381,37250
2019-01-25,1074,1078.01001,1046,1065.300049,1060.792603,34881
2019-01-28,1066,1069,1031.339966,1057.969971,1053.493652,43198
2019-01-29,1050,1070.949951,1041.199951,1047.119995,1042.689575,44707
2019-01-30,1055.180054,1055.189941,1031.329956,1040.719971,1036.316528,31622
2019-01-31,1036.099976,1056,1021,1036.660034,1032.273804,39739
2019-02-01,1038.98999,1038.98999,1011.909973,1029.910034,1025.552368,60596
2019-02-05,1032.47998,1061,1023.909973,1030.810059,1026.448608,48250
2019-02-06,1038,1069.890015,1021.099976,1025.180054,1020.842407,47147
2019-02-07,1030,1065,1030,1043.219971,1038.80603,22133
2019-02-08,1048.430054,1060.76001,1037,1055.410034,1050.944458,25337
2019-02-11,1057,1070,1030.130005,1049.540039,1045.099365,20218
2019-02-12,1057.300049,1064.98999,1035.060059,1040.619995,1036.217041,16258
2019-02-13,1045.790039,1045.98999,1014.01001,1019.159973,1014.847839,32983
2019-02-14,1019,1025.01001,994.169983,1018.719971,1014.409668,17117
2019-02-15,1020,1037.380005,982,1029.560059,1025.203857,51376
2019-02-18,1028.5,1029,1012.890015,1022.080017,1017.755493,8212
2019-02-19,1024.630005,1037.300049,1002.01001,1012.130005,1007.847595,34257
2019-02-20,1018.98999,1020.5,996.01001,1005,1000.747742,41643
2019-02-21,1012.210022,1024.98999,1000,1013.349976,1009.062378,14822
2019-02-22,1015,1037.5,1010.02002,1019.109985,1014.798035,14083
2019-02-25,1025,1049,1009,1046.380005,1041.952637,13168
2019-02-26,1049,1073,1031,1052.369995,1047.917358,16918
2019-02-27,1057.630005,1057.630005,1026.920044,1035.829956,1031.447266,11879
2019-02-28,1035,1035,963.799988,1003.75,999.503052,62171
2019-03-01,1008,1015.5,983.599976,996.340027,992.12439,49063
2019-03-04,986.169983,999.390015,986.169983,994.690002,990.481384,15386
2019-03-05,997.48999,1004,980.400024,996.940002,992.721863,33506
2019-03-06,1004.090027,1019.880005,990.02002,1010.299988,1006.02533,9384
2019-03-07,1005,1022,1000.01001,1007.150024,1002.888672,7711
2019-03-08,1007.150024,1037.98999,1000.179993,1033.800049,1029.425903,13503
2019-03-11,1044.98999,1049.939941,1021.01001,1032.939941,1028.569458,10072
2019-03-12,1033.5,1059,1015.049988,1050.459961,1046.015381,21138
2019-03-13,1045,1097.900024,1010.049988,1034.839966,1030.461426,29201
2019-03-14,1047.589966,1077.050049,1020.460022,1036.97998,1032.592407,40232
2019-03-15,1049.589966,1071.390015,1020,1062.72998,1058.233521,193380
2019-03-19,1062,1071.400024,1033.01001,1049.439941,1044.999634,63410
2019-03-20,1054.910034,1096,1041.119995,1057.670044,1053.194946,141460
2019-03-21,1065,1066,1041,1057.48999,1053.015625,76434
2019-03-22,1060,1077.97998,1026,1048.869995,1044.432129,91643
2019-03-25,1055,1059.800049,1037,1051.670044,1047.220337,173056
2019-03-26,1055.890015,1068,1045.51001,1050.050049,1045.607178,154138
2019-03-27,1046.030029,1061,1037.579956,1048.839966,1044.402222,119491
2019-03-28,1055.97998,1060,1045.959961,1050.079956,1045.636963,93849
2019-03-29,1048.689941,1057.880005,1045.030029,1049.420044,1044.979858,81082
2019-04-01,1054.900024,1057.380005,1038.079956,1049.560059,1045.119263,97713
2019-04-02,1048,1069.5,1041.439941,1050.790039,1046.343994,65465
2019-04-03,1050.800049,1061.72998,1045.410034,1049.609985,1045.168945,76875
2019-04-04,1054.98999,1056.900024,1041.5,1053.189941,1048.733765,67832
2019-04-05,1048.199951,1055.709961,1041,1044.26001,1039.841675,20431
2019-04-08,1049.26001,1049.26001,1020,1033.780029,1029.406006,27426
2019-04-09,1025,1039.97998,1002.640015,1019.210022,1019.210022,42434
2019-04-10,1025,1029,1007.099976,1019.090027,1019.090027,57992
2019-04-11,1013.320007,1038.930054,1011.059998,1029.319946,1029.319946,36007
2019-04-12,1029.329956,1032.709961,1012.109985,1020.609985,1020.609985,16683
2019-04-15,1020.609985,1030.839966,1012.01001,1016.47998,1016.47998,7656
2019-04-16,1016.47998,1029.689941,1013,1017.299988,1017.299988,19169
2019-04-17,1020.119995,1039,1016.820007,1021.130005,1021.130005,15498
2019-04-22,1018.580017,1031.380005,1005.049988,1013.690002,1013.690002,16989
2019-04-23,1018,1030,1006.289978,1012.890015,1012.890015,6157
2019-04-24,1005.820007,1019.039978,1000.049988,1011.070007,1011.070007,16157
2019-04-25,1004.099976,1022,963,1008.880005,1008.880005,22671
2019-04-26,1009.23999,1022,1000.059998,1010.059998,1010.059998,8344
2019-04-29,1005.169983,1014.650024,990.75,1010.76001,1010.76001,13146
2019-04-30,1009.200012,1039,1000.119995,1008.419983,1008.419983,16059
2019-05-02,1009.98999,1073,1009.98999,1056.48999,1056.48999,28244
2019-05-03,1050.209961,1077,1035.150024,1051.219971,1051.219971,12279
2019-05-06,1051.219971,1073.98999,1030.670044,1061.430054,1061.430054,18757
2019-05-07,1058,1059.51001,1032.109985,1057.300049,1057.300049,59562
2019-05-08,1048.430054,1063.98999,1042.550049,1050.910034,1050.910034,83212
2019-05-09,1043,1063.079956,1025.050049,1055.060059,1055.060059,13937
2019-05-10,1070,1074,1047.02002,1052.810059,1052.810059,6777
2019-05-13,1052,1139.97998,1035.310059,1111.410034,1111.410034,49040
2019-05-14,1111,1133,1095,1123.280029,1123.280029,66983
2019-05-15,1120,1169.98999,1115.109985,1123.97998,1123.97998,118247
2019-05-16,1129.589966,1188.97998,1115.219971,1170.319946,1170.319946,102680
2019-05-17,1170,1183.949951,1135,1164.040039,1164.040039,50126
2019-05-20,1170.170044,1213,1141.040039,1191.119995,1191.119995,50894
2019-05-21,1198.199951,1215,1170.290039,1198.650024,1198.650024,121881
2019-05-22,1185.01001,1215.949951,1181.060059,1193.76001,1193.76001,15555
2019-05-23,1185,1203.869995,1169.030029,1196.25,1196.25,12269
2019-05-24,1210,1223.98999,1191,1194.430054,1194.430054,12780
2019-05-27,1206.77002,1219.98999,1195.099976,1213.900024,1213.900024,4682
2019-05-28,1220,1245,1204.900024,1222.689941,1222.689941,96399
2019-05-29,1216.27002,1229.390015,1190.380005,1206.48999,1206.48999,90089
2019-05-30,1212,1224,1180.300049,1196.329956,1196.329956,34917
2019-05-31,1190.349976,1222,1170.030029,1197.939941,1197.939941,28972
2019-06-03,1222.689941,1264.97998,1189,1203.48999,1203.48999,39602
2019-06-04,1205,1237,1193,1212.469971,1212.469971,12280
2019-06-05,1212.469971,1227,1206,1210.060059,1210.060059,8176
2019-06-06,1205,1218.550049,1196,1208.589966,1208.589966,13419
2019-06-07,1198.01001,1211.880005,1191.050049,1198.290039,1198.290039,17931
2019-06-10,1200,1205,1175.109985,1195.72998,1195.72998,80207
2019-06-11,1203.5,1234.459961,1183.949951,1219.5,1219.5,72536
2019-06-12,1214.01001,1276.98999,1214.01001,1223.27002,1223.27002,81064
2019-06-13,1227.98999,1266,1220.02002,1239.660034,1239.660034,33412
2019-06-14,1233.459961,1265,1233.459961,1238.839966,1238.839966,11909
2019-06-17,1252,1255,1224.02002,1235.609985,1235.609985,12220
2019-06-18,1243.400024,1248.030029,1223.130005,1232.709961,1232.709961,34597
2019-06-19,1230,1264,1230,1237.01001,1237.01001,17506
2019-06-20,1255.949951,1259.099976,1220.060059,1233.180054,1233.180054,15666
2019-06-21,1240,1249.97998,1205.160034,1217.839966,1217.839966,226738
2019-06-24,1218.01001,1260,1218.01001,1228.880005,1228.880005,51641
2019-06-25,1225,1259.069946,1219.949951,1242.040039,1242.040039,21387
2019-06-26,1241.680054,1277.439941,1240.089966,1250.97998,1250.97998,13255
2019-06-27,1261.619995,1283.98999,1250.859985,1255.810059,1255.810059,31646
2019-06-28,1256.359985,1268.949951,1242,1256.01001,1256.01001,11555
2019-07-01,1269.98999,1269.98999,1224.199951,1242.640015,1242.640015,27743
2019-07-02,1248,1267.97998,1231.920044,1254.48999,1254.48999,25919
2019-07-03,1255.52002,1271.98999,1251.150024,1262.23999,1262.23999,86659
2019-07-04,1264,1268.920044,1256.02002,1266.319946,1266.319946,1864
2019-07-05,1265,1268.98999,1247,1252.280029,1252.280029,111357
2019-07-08,1252.280029,1269.02002,1250,1253.849976,1253.849976,37850
2019-07-09,1248.5,1266.51001,1230,1263.390015,1263.390015,8454
2019-07-10,1266.910034,1275,1250.219971,1270.199951,1270.199951,12385
2019-07-11,1266,1266,1250.400024,1262.560059,1262.560059,10773
2019-07-12,1265,1265,1250.5,1258,1258,4657
2019-07-15,1265,1265,1237,1246.780029,1246.780029,88696
2019-07-16,1256,1259.199951,1239,1255.410034,1255.410034,87033
2019-07-17,1255.800049,1299.98999,1249.25,1282.22998,1282.22998,20417
2019-07-18,1279.400024,1305.900024,1261.51001,1290.219971,1290.219971,43591
2019-07-19,1288.099976,1298.630005,1260.02002,1288.030029,1288.030029,24532
2019-07-22,1291,1291,1261,1280.75,1280.75,13733
2019-07-23,1268.319946,1300,1264.130005,1292.449951,1292.449951,14257
2019-07-24,1300,1317.880005,1266.25,1280.76001,1280.76001,22440
2019-07-25,1287.630005,1297.98999,1219.160034,1277.910034,1277.910034,80307
2019-07-26,1276.109985,1285,1260.099976,1269.52002,1269.52002,14920
2019-07-29,1281,1291.98999,1264.51001,1286.47998,1286.47998,9576
2019-07-30,1283.27002,1298,1270,1290.839966,1290.839966,65395
2019-07-31,1299.98999,1314.98999,1280.5,1294.530029,1294.530029,71607
2019-08-01,1301.5,1326.400024,1282.02002,1312.689941,1312.689941,21060
2019-08-02,1312.689941,1333.709961,1290,1329.069946,1329.069946,19795
2019-08-05,1329.060059,1395,1314.050049,1372.829956,1372.829956,30754
2019-08-06,1376,1418.98999,1350.030029,1373.449951,1373.449951,53211
2019-08-07,1377,1414.800049,1365.699951,1389.560059,1389.560059,55769
2019-08-08,1393,1407.98999,1364.349976,1390.219971,1390.219971,46455
2019-08-09,1396.349976,1398.900024,1370.599976,1387.939941,1387.939941,14872
2019-08-12,1375.880005,1408,1375.880005,1390.930054,1390.930054,35991
2019-08-13,1402.199951,1427.77002,1363,1381.839966,1381.839966,19018
2019-08-14,1372.089966,1391.670044,1350.150024,1370.219971,1370.219971,28212
2019-08-15,1383,1383,1330,1355.880005,1355.880005,17747
2019-08-16,1352.01001,1362.920044,1330.060059,1350.900024,1350.900024,11787
2019-08-19,1361.949951,1387,1332.099976,1377.800049,1377.800049,11777
2019-08-20,1365.390015,1389.219971,1365.390015,1376.77002,1376.77002,53823
2019-08-21,1385,1388.98999,1361.199951,1367.709961,1367.709961,56000
2019-08-22,1360.050049,1419.800049,1345,1402.459961,1402.459961,60402
2019-08-23,1397.77002,1425.01001,1383.560059,1400.73999,1400.73999,55124
2019-08-26,1397.23999,1410,1385.550049,1390.130005,1390.130005,55822
2019-08-27,1401.949951,1419.98999,1388.5,1399.209961,1399.209961,54407
2019-08-28,1409,1427.77002,1389.01001,1399.609985,1399.609985,65717
2019-08-29,1400.420044,1419.880005,1386,1394.439941,1394.439941,96863
2019-08-30,1398.430054,1410.969971,1371.640015,1387.75,1387.75,91528
2019-09-02,1394,1422.01001,1380.060059,1399.75,1399.75,26529
2019-09-03,1395.01001,1414.400024,1392,1400.180054,1400.180054,45012
2019-09-04,1397.050049,1411.400024,1383.51001,1394.099976,1394.099976,38950
2019-09-05,1400.099976,1419,1386,1399.97998,1399.97998,69458
2019-09-06,1402.180054,1414,1387,1395.619995,1395.619995,30523
2019-09-09,1395.619995,1404.790039,1370.050049,1385.410034,1385.410034,16648
2019-09-10,1384.410034,1398.609985,1371.050049,1380.77002,1380.77002,18350
2019-09-11,1389,1409,1373.170044,1395.97998,1395.97998,61435
2019-09-12,1395.97998,1418.48999,1388.030029,1405.199951,1405.199951,43008
2019-09-13,1404.800049,1426,1387,1393.280029,1393.280029,48103
2019-09-17,1391.01001,1404.900024,1378,1386.280029,1386.280029,33773
2019-09-18,1382,1406.22998,1381.01001,1394.650024,1394.650024,55500
2019-09-19,1388.01001,1409,1388.01001,1399.5,1399.5,69915
2019-09-20,1395.109985,1595.380005,1395.060059,1463.599976,1463.599976,278558
2019-09-23,1456.890015,1456.890015,1420,1429.630005,1429.630005,116511
2019-09-24,1430.140015,1454,1410.170044,1416.819946,1416.819946,74650
2019-09-25,1410.01001,1410.560059,1375.880005,1385.689941,1385.689941,28035
2019-09-26,1398.939941,1410,1376.140015,1395.339966,1395.339966,34165
2019-09-27,1404,1404,1386.01001,1398.339966,1398.339966,57659
2019-09-30,1397.47998,1408.050049,1386.050049,1399.73999,1399.73999,102237
2019-10-01,1391.050049,1404.959961,1388,1393.469971,1393.469971,8608
